date,actual,hybrid_prediction,real_price,regime_probability,simn,mn_ore,chn_electricity,met_coal,dry_bulk_freight,steel_etf,usd_inr,pick,market_price
2016-01-01,100.0,99.99913620126031,142.85769397050902,0.5,91850.0,447.4,1165.37,100.0,100.0,12.499286651611328,66.7239990234375,10.146912574768066,
2016-01-08,100.0,99.9993307110718,142.85271714075273,0.5,91850.0,447.4,1165.37,100.0,100.0,11.987078666687012,66.93599700927734,9.83738899230957,
2016-01-15,100.0,100.00218259233172,142.8486202221959,0.5,91850.0,447.4,1165.37,100.0,100.0,11.4321870803833,67.9489974975586,9.352922439575195,
2016-01-22,100.0,100.00487812536474,142.84584101650586,0.5,91850.0,447.4,1165.37,100.0,100.0,11.951506614685059,68.19599914550781,9.823931694030762,
2016-01-29,100.0,99.99012266228104,142.8448173253498,0.5,91850.0,447.4,1165.37,100.0,100.0,13.303166389465332,67.927001953125,10.456430435180664,
2016-02-05,100.0,99.9921491061586,142.84508484287818,0.5,91850.0,447.4,1165.37,100.0,100.0,11.987078666687012,67.89299774169922,9.487493515014648,
2016-02-12,100.0,100.0008953734929,142.84582544511363,0.5,91850.0,447.4,1165.37,100.0,100.0,13.352964401245117,68.35600280761719,10.80632495880127,
2016-02-19,100.0,100.00270839662569,142.84694620653164,0.5,91850.0,447.4,1165.37,100.0,100.0,13.360077857971191,68.3759994506836,10.873612403869629,
2016-02-26,100.0,99.9925984447245,142.84835420160775,0.5,91850.0,447.4,1165.37,100.0,100.0,15.978026390075684,67.38800048828125,12.367386817932129,
2016-03-04,100.0,100.00152151499614,142.8526008238876,0.5,91850.0,447.4,1165.37,100.0,100.0,16.689428329467773,67.1449966430664,12.38084602355957,
2016-03-11,100.0,100.00310327609773,142.85996656515388,0.5,91850.0,447.4,1165.37,100.0,100.0,17.67115592956543,66.83000183105469,13.147921562194824,
2016-03-18,100.0,100.00419985634562,142.86695214723758,0.5,91850.0,447.4,1165.37,100.0,100.0,17.36525535583496,66.9020004272461,12.596162796020508,
2016-03-25,100.0,100.00779111813192,142.8700582919697,0.5,91850.0,447.4,1165.37,100.0,100.0,17.777870178222656,66.36799621582031,12.946057319641113,
2016-04-01,100.0,99.99709972657888,142.83786405979185,0.5,91850.0,447.4,1165.37,100.0,100.0,17.244319915771484,66.53299713134766,12.125152587890625,
2016-04-08,100.08516608459115,100.15352551534714,142.7467941374366,0.5,91850.0,447.4,1169.34,100.0,100.0,20.23931312561035,66.5250015258789,14.089943885803223,
2016-04-15,100.79545552056429,100.7487652393051,142.60511768617124,0.5,91850.0,447.4,1202.45,100.0,100.0,21.03607749938965,66.2040023803711,14.924302101135254,
2016-04-22,99.72176218711654,99.69352694784749,142.42110386726316,0.5,91850.0,447.4,1152.4,100.0,100.0,20.908021926879883,66.3550033569336,14.762812614440918,
2016-04-29,97.42056171001485,97.4213463332589,141.79831326745168,0.5,91850.0,447.4,1045.13,100.0,100.0,19.236236572265625,66.62000274658203,13.578557968139648,
2016-05-06,97.05865948153806,97.0625457984398,140.61930992397967,0.5,91850.0,447.4,1028.26,100.0,100.0,18.26873207092285,66.59100341796875,13.06717586517334,
2016-05-13,96.90205685747874,96.90867334561263,139.31086817386978,0.5,91850.0,447.4,1020.96,100.0,100.0,17.358142852783203,67.16000366210938,12.771112442016602,
2016-05-20,96.8156036280323,96.80862393809214,138.2997623541448,0.5,91850.0,447.4,1016.93,100.0,100.0,17.99129295349121,67.30400085449219,13.215208053588867,
2016-05-27,96.10166728163588,96.10818680788064,137.54869349408793,0.5,91850.0,447.4,983.65,100.0,100.0,18.033973693847656,67.4260025024414,12.824941635131836,
2016-06-03,96.50883410419009,96.50735745813024,136.83257566681195,0.5,91850.0,447.4,1002.63,100.0,100.0,19.38562774658203,66.51000213623047,13.61893081665039,
2016-06-10,95.95493276813373,95.95297414124302,136.2965027750839,0.5,91850.0,447.4,976.81,100.0,100.0,18.930335998535156,67.072998046875,13.026802062988281,
2016-06-17,95.25944549799635,95.25870776294062,136.08556872167074,0.5,91850.0,447.4,944.39,100.0,100.0,19.89783477783203,67.4219970703125,14.049568176269531,
2016-06-24,95.52824424860773,95.52760580272864,136.11546998845165,0.5,91850.0,447.4,956.92,100.0,100.0,19.641735076904297,67.41600036621094,13.605362892150879,
2016-07-01,95.4952075306555,95.49883431497639,136.1983743198269,0.5,91850.0,447.4,955.38,100.0,100.0,19.655961990356445,67.4010009765625,13.443238258361816,
2016-07-08,94.68387722354274,94.68270206726216,136.3240825123452,0.5,91850.0,447.4,917.56,100.0,100.0,22.12451934814453,67.00599670410156,15.078042984008789,
2016-07-15,95.5312475866034,95.536482940512,136.48239536255522,0.5,91850.0,447.4,957.06,100.0,100.0,21.349090576171875,67.16400146484375,14.416010856628418,
2016-07-22,95.94999871285515,95.94621388737859,136.90592475684466,0.5,91850.0,447.4,976.58,100.0,100.0,22.814579010009766,67.06300354003906,15.037511825561523,
2016-07-29,96.05811888069883,96.05814594360962,137.64876613367775,0.5,91850.0,447.4,981.62,100.0,100.0,22.72209358215332,66.76000213623047,15.078042984008789,
2016-08-05,96.15229497927697,96.15299984494355,138.432945617718,0.5,91850.0,447.4,986.01,100.0,100.0,22.67229652404785,66.75800323486328,15.442834854125977,
2016-08-12,97.30922368003296,97.28512686940331,138.9804893336289,0.5,91850.0,447.4,1039.94,100.0,100.0,22.85725975036621,66.90550231933594,15.64549446105957,
2016-08-19,97.13889151085064,97.14430210791852,139.3137809237068,0.5,91850.0,447.4,1032.0,100.0,100.0,21.704792022705078,67.16000366210938,15.051021575927734,
2016-08-26,96.51376815946867,96.51382725275224,139.60948418645714,0.5,91850.0,447.4,1002.86,100.0,100.0,21.30640983581543,66.97470092773438,14.699740409851074,
2016-09-02,96.51784411817707,96.51618141544724,139.82104548085732,0.5,91850.0,447.4,1003.05,100.0,100.0,21.854185104370117,66.47160339355469,15.145594596862793,
2016-09-09,97.94507323854226,97.93011409229365,139.90191116588463,0.5,91850.0,447.4,1069.58,100.0,100.0,20.203739166259766,66.75810241699219,14.551121711730957,
2016-09-16,97.07732308193965,97.07907548837493,139.74175194885444,0.5,91850.0,447.4,1029.13,100.0,100.0,21.491371154785156,66.76119995117188,15.496877670288086,
2016-09-23,97.18050919450475,97.17599358776332,139.35305118320397,0.5,91850.0,447.4,1033.94,100.0,100.0,21.932435989379883,66.33280181884766,15.780604362487793,
2016-09-30,96.31511880347014,96.31445236847061,138.87347419709363,0.5,91850.0,447.4,993.6,100.0,100.0,22.08183479309082,66.56320190429688,15.686027526855469,
2016-10-07,96.90741996104242,96.90726948060562,138.4406863186837,0.5,91850.0,447.4,1021.21,100.0,100.0,21.65499496459961,66.81809997558594,15.334747314453125,
2016-10-14,96.82868960072767,96.83047546094272,138.01013905422622,0.5,91850.0,447.4,1017.54,100.0,100.0,23.113367080688477,66.63639831542969,15.902202606201172,
2016-10-21,97.30707843860748,97.30651499421654,137.5354914188113,0.5,91850.0,447.4,1039.84,100.0,100.0,23.355241775512695,66.86399841308594,16.104862213134766,
2016-10-28,96.41959206089054,96.42015400664928,137.1517200038563,0.5,91850.0,447.4,998.47,100.0,100.0,23.397924423217773,66.77749633789062,16.091352462768555,
2016-11-04,95.89765482207368,95.8944626939931,136.99380140077855,0.5,91850.0,447.4,974.14,100.0,100.0,26.649015426635742,66.50749969482422,17.901796340942383,
2016-11-11,96.21021649776466,96.2191555309472,137.30733218643363,0.5,91850.0,447.4,988.71,100.0,100.0,26.421371459960938,67.98149871826172,17.49647331237793,
2016-11-18,96.72957944687096,96.72621901635313,137.99709991487475,0.5,91850.0,447.4,1012.92,100.0,100.0,28.825902938842773,68.79850006103516,18.469247817993164,
2016-11-25,96.64934741755837,96.64188854606279,138.6868676433159,0.5,91850.0,447.4,1009.18,100.0,100.0,28.128725051879883,68.58799743652344,18.205791473388672,
2016-12-02,97.29399246591211,97.29906306199764,139.00039842897095,0.5,91850.0,447.4,1039.23,100.0,100.0,30.540372848510742,67.43150329589844,19.408252716064453,
2016-12-09,97.46282296609661,97.46438816007375,138.942081093753,0.5,91850.0,447.4,1047.1,100.0,100.0,28.754758834838867,67.81999969482422,18.124725341796875,
2016-12-16,97.076679509512,97.07403972303098,138.81378295627343,0.5,91850.0,447.4,1029.1,100.0,100.0,27.353303909301758,67.82550048828125,17.361366271972656,
2016-12-23,96.64741670027544,96.64892318162822,138.68548481879392,0.5,91850.0,447.4,1009.09,100.0,100.0,27.706636428833008,68.20500183105469,17.68876075744629,
2016-12-30,97.03634897071316,97.03780466487703,138.62716748357593,0.5,91850.0,447.4,1027.22,100.0,100.0,28.640966415405273,67.885498046875,18.35626220703125,
2017-01-06,96.8698782360967,96.86900846688506,138.6387323282713,0.5,91850.0,447.4,1019.46,100.0,100.0,29.55373764038086,68.13999938964844,19.25534439086914,
2017-01-13,97.29678127976523,97.29265216414235,138.67205244892273,0.5,91850.0,447.4,1039.36,100.0,100.0,29.546550750732422,68.197998046875,19.466495513916016,
2017-01-20,97.22663188515236,97.2256799308889,138.72506622537853,0.5,91850.0,447.4,1036.09,100.0,100.0,30.488075256347656,67.9729995727539,20.22935676574707,
2017-01-27,97.15090486283327,97.15578437835325,138.7957120374868,0.5,91850.0,447.4,1032.56,100.0,100.0,30.258081436157227,67.39540100097656,20.338335037231445,
2017-02-03,96.66114624539846,96.65599583315804,139.21737219592396,0.5,91850.0,447.4,1009.73,100.0,100.0,30.236526489257812,66.96430206298828,19.875167846679688,
2017-02-10,97.84725022954083,98.01558629884813,140.0426175343033,0.5,91850.0,447.4,1065.02,100.0,100.0,31.968639373779297,66.8655014038086,20.65164566040039,
2017-02-17,98.73044612440685,98.67404399038386,140.84816921687835,0.5252117571938704,91850.0,447.4,1106.19,100.0,100.0,30.955244064331055,66.91429901123047,20.072694778442383,
2017-02-24,98.85379750637136,98.84628871328994,141.21074840790257,0.5150557325759708,91850.0,447.4,1111.94,100.0,100.0,30.5096435546875,66.85800170898438,19.684450149536133,
2017-03-03,98.99559796459494,98.98967806273073,141.17195349416903,0.48482695990844016,91850.0,447.4,1118.55,100.0,100.0,28.71283721923828,66.76499938964844,18.594655990600586,
2017-03-10,98.49918909874117,98.49526272523715,141.07145295021004,0.5289182275124206,91850.0,447.4,1095.41,100.0,100.0,30.890554428100586,65.62049865722656,19.963716506958008,
2017-03-17,99.04944352437423,99.03305362648078,140.93307307188797,0.5253217702267053,91850.0,447.4,1121.06,100.0,100.0,29.02189064025879,65.36499786376953,19.262157440185547,
2017-03-24,98.54938774809717,98.54521669846622,140.7806401550652,0.5667972462571867,91850.0,447.4,1097.75,100.0,100.0,29.02907943725586,64.77999877929688,19.228097915649414,
2017-03-31,98.1789045539185,98.17828886266284,140.5351480618961,0.5349830378564103,91850.0,447.4,1080.48,100.0,100.0,28.533161163330078,65.04000091552734,19.09868812561035,
2017-04-07,98.56418991393292,98.56653551295342,140.19203799561205,0.33888137271057184,91850.0,447.4,1098.44,100.0,100.0,26.700428009033203,64.5,18.342639923095703,
2017-04-14,98.91987094227585,98.92240125097273,139.8868072636911,0.21987308722942844,91850.0,447.4,1115.02,100.0,100.0,27.13884735107422,64.64669799804688,18.390321731567383,
2017-04-21,97.81271184259077,97.82724478314573,139.75495317361123,0.4118747462559587,91850.0,447.4,1063.41,100.0,100.0,27.268217086791992,64.0199966430664,18.431184768676758,
2017-04-28,97.77645726250032,97.77524400566162,139.90255121451725,0.4066677067172278,91850.0,447.4,1061.72,100.0,100.0,26.01764488220215,64.20999908447266,17.709199905395508,
2017-05-05,97.04600255712778,97.04027919432323,140.2272669045105,0.4555729429838531,91850.0,447.4,1027.67,100.0,100.0,26.297943115234375,64.55000305175781,17.9339656829834,
2017-05-12,98.38120082034033,98.38237136555948,140.55198259450373,0.7381644727476256,91850.0,447.4,1089.91,100.0,100.0,25.550474166870117,64.2300033569336,17.899911880493164,
2017-05-19,98.48889193989892,98.48847574373607,140.69958063540975,0.7245752072514497,91850.0,447.4,1094.93,100.0,100.0,26.520748138427734,64.76010131835938,18.383508682250977,
2017-05-26,98.3432300471095,98.34147350575316,140.54508678797424,0.7180546834517734,91850.0,447.4,1088.14,100.0,100.0,26.3410701751709,64.5000991821289,18.063383102416992,
2017-06-02,98.52557556827446,98.5269274976125,140.1790532106596,0.7159860391101377,91850.0,447.4,1096.64,100.0,100.0,26.77229881286621,64.41829681396484,18.30177116394043,
2017-06-09,98.13986115997494,98.14019395539822,139.7476518509536,0.7133747760703782,91850.0,447.4,1078.66,100.0,100.0,25.500165939331055,64.16580200195312,17.620649337768555,
2017-06-16,97.57501909264869,97.57671895160162,139.39705465634398,0.5753658198617764,91850.0,447.4,1052.33,100.0,100.0,25.751718521118164,64.5416030883789,17.35501480102539,
2017-06-23,97.85690381595545,97.8542704180156,139.17658018119576,0.5859445943253594,91850.0,447.4,1065.47,100.0,100.0,27.368839263916016,64.51190185546875,18.53814125061035,
2017-06-30,96.96920291409594,96.96914134799522,138.9977829980618,0.6292104173865403,91850.0,447.4,1024.09,100.0,100.0,27.89350128173828,64.79139709472656,18.987424850463867,
2017-07-07,96.71113037061191,96.7109043613691,138.8001890817117,0.1691415543268702,91850.0,447.4,1012.06,100.0,100.0,29.108135223388672,64.36499786376953,19.8306941986084,
2017-07-14,96.9661995761003,96.96511541953109,138.52332440691498,0.2010675278744375,91850.0,447.4,1023.95,100.0,100.0,29.496246337890625,64.26329803466797,20.17629623413086,
2017-07-21,96.95289907926238,96.95206715708484,137.87529718250002,0.21502490443504696,91850.0,447.4,1023.33,100.0,100.0,29.445938110351562,64.3447036743164,20.770732879638672,
2017-07-28,96.14993521370896,96.14854891086956,136.88729276994624,0.25519201564460386,91850.0,447.4,985.9,100.0,100.0,28.906896591186523,63.64059829711914,20.81911849975586,
2017-08-04,95.67905472081829,95.68323618568128,135.98345287299995,0.2656335341337893,91850.0,447.4,963.95,100.0,100.0,29.280628204345703,63.887699127197266,20.846769332885742,
2017-08-11,94.91491972506586,94.91035744750326,135.58791919540758,0.3049019583830981,91850.0,447.4,928.33,100.0,100.0,28.576278686523438,64.1604995727539,20.770732879638672,
2017-08-18,95.2025966002214,95.20883362381389,135.5929505075096,0.3141110079072735,91850.0,447.4,941.74,100.0,100.0,29.9202880859375,64.00499725341797,21.544889450073242,
2017-08-25,95.0301191896136,95.03117700282284,135.6070917458881,0.24533399042394427,91850.0,447.4,933.7,100.0,100.0,30.674943923950195,63.976200103759766,22.180797576904297,
2017-09-01,95.22426353861864,95.22577390737827,135.6289138636515,0.28881773167974295,91850.0,447.4,942.75,100.0,100.0,31.566152572631836,64.0154037475586,22.630084991455078,
2017-09-08,94.95825360186035,94.95870487630968,135.65698781390833,0.24619719538719687,91850.0,447.4,930.35,100.0,100.0,30.73963165283203,64.11509704589844,21.842105865478516,
2017-09-15,95.1049881153625,95.1041526737467,135.7244970845448,0.27612502475924605,91850.0,447.4,937.19,100.0,100.0,30.44495391845703,64.28369903564453,21.544889450073242,
2017-09-22,94.75509923886834,94.74447818811029,135.85269299990333,0.20629354539285422,91850.0,447.4,920.88,100.0,100.0,29.97059440612793,65.5250015258789,21.213106155395508,
2017-09-29,94.93658666346312,94.93494405989665,136.02224826777666,0.20695032737342287,91850.0,447.4,929.34,100.0,100.0,30.904937744140625,65.01950073242188,22.01490592956543,
2017-10-06,95.34525515501514,95.34849345298942,136.2138355959576,0.13142843312505875,91850.0,447.4,948.39,100.0,100.0,30.524009704589844,65.20539855957031,21.897397994995117,
2017-10-13,95.30149222993556,95.3013323895861,136.53165059369425,0.12715617832660728,91850.0,447.4,946.35,100.0,100.0,31.436782836914062,65.04010009765625,22.249914169311523,
2017-10-20,95.26330693256219,95.26429856095712,136.9758343828363,0.12863847362690353,91850.0,447.4,944.57,100.0,100.0,31.336166381835938,64.83999633789062,22.0909366607666,
2017-10-27,96.26191681611849,96.25729000640563,137.3709779400786,0.35977044877352743,91850.0,447.4,991.12,100.0,100.0,30.998369216918945,64.55509948730469,22.471097946166992,
2017-11-03,96.28808876150921,96.27796749069604,137.54167224211608,0.3183478704936515,91850.0,447.4,992.34,100.0,100.0,30.07122230529785,64.9104995727539,22.332860946655273,
2017-11-10,96.6577138591177,96.66089398081803,137.2832340102319,0.3345102408929772,91850.0,447.4,1009.57,100.0,100.0,29.13688087463379,65.41339874267578,21.537975311279297,
2017-11-17,95.74598625329295,95.74545012849036,136.68306138456344,0.5899792070248161,91850.0,447.4,967.07,100.0,100.0,30.315584182739258,64.7699966430664,22.070201873779297,
2017-11-24,95.3345289478878,95.33288900087614,136.00386747008687,0.6465644645111074,91850.0,447.4,947.89,100.0,100.0,30.44495391845703,64.41480255126953,21.79372215270996,
2017-12-01,94.8544239168676,94.85467046682109,135.50836537177832,0.6570547914648373,91850.0,447.4,925.51,100.0,100.0,30.732444763183594,64.51519775390625,21.710769653320312,
2017-12-08,94.11667539064847,94.11847207866839,135.18722444063278,0.7331842187663326,91850.0,447.4,891.12,100.0,100.0,31.02711296081543,64.31999969482422,22.30521011352539,
2017-12-15,94.22651175163253,94.21178284085676,134.8916250939148,0.7373413010827167,91850.0,447.4,896.24,100.0,100.0,32.56517791748047,63.96500015258789,23.390403747558594,
2017-12-22,94.38547414125986,94.38416968648788,134.67504703600497,0.430715065014081,91850.0,447.4,903.65,100.0,100.0,33.9727668762207,64.11499786376953,24.30362319946289,
2017-12-29,94.21557102036263,94.21250171094435,134.59096997128378,0.40794032213151715,91850.0,447.4,895.73,100.0,100.0,35.92520523071289,63.41910171508789,25.235118865966797,
2018-01-05,94.45026043230905,94.45270141935761,134.64287463003163,0.3625982757449313,91850.0,447.4,906.67,100.0,100.0,37.614158630371094,63.7599983215332,26.18817901611328,
2018-01-12,94.1999107579567,94.20233392675941,134.7570648792769,0.23254158166634226,91850.0,447.4,895.0,100.0,100.0,37.04625701904297,63.82500076293945,26.01999282836914,
2018-01-19,94.35308099573527,94.34889615861718,134.87125512852217,0.24478825694255046,91850.0,447.4,902.14,100.0,100.0,37.28963851928711,63.57789993286133,26.118101119995117,
2018-01-26,94.44403923217519,94.44503167646609,134.92315978727,0.20892542568646713,91850.0,447.4,906.38,100.0,100.0,36.57423400878906,63.665000915527344,25.92889404296875,
2018-02-02,93.90107862738873,93.89972171859253,134.63058218168584,0.15080540951547952,91850.0,447.4,881.07,100.0,100.0,33.42497253417969,64.19999694824219,23.427106857299805,
2018-02-09,92.59441207513494,92.59625349307538,133.9869114494007,0.5549339293708435,91850.0,447.4,820.16,100.0,100.0,36.95037841796875,64.02519989013672,25.788738250732422,
2018-02-16,92.62101306881077,92.61988526840197,133.34324071711558,0.5349864328662135,91850.0,447.4,821.4,100.0,100.0,37.07575607299805,64.8949966430664,25.2841739654541,
2018-02-23,93.13286767292792,93.13430038220169,133.0506631115314,0.6545095562514631,91850.0,447.4,845.26,100.0,100.0,36.70699691772461,65.23999786376953,24.394182205200195,
2018-03-02,93.45894436959935,93.46136909248025,133.0929332027353,0.6690459731674442,91850.0,447.4,860.46,100.0,100.0,35.755577087402344,64.89119720458984,24.211977005004883,
2018-03-09,93.86418047487065,93.86153921201546,133.19665457122943,0.7099121049512623,91850.0,447.4,879.35,100.0,100.0,35.003292083740234,64.83679962158203,24.35213851928711,
2018-03-16,93.53746020577157,93.53737335999935,133.32719385933743,0.7119244844839866,91850.0,447.4,864.12,100.0,100.0,33.37335205078125,65.06559753417969,23.58127212524414,
2018-03-23,93.41882835494306,93.41377510841264,133.44991770938293,0.7058182398258068,91850.0,447.4,858.59,100.0,100.0,33.7716178894043,65.14920043945312,23.49017333984375,
2018-03-30,93.69384830568832,93.69227921275818,133.54471577996367,0.6890775052191942,91850.0,447.4,871.41,100.0,100.0,34.45013427734375,64.99500274658203,23.609310150146484,
2018-04-06,93.75884912088007,93.75996601271474,133.63408562901736,0.18024376918027066,91850.0,447.4,874.44,100.0,100.0,34.730403900146484,65.19000244140625,23.889619827270508,
2018-04-13,93.79510370097051,93.80540185534093,133.74730574787768,0.18619056439380005,91850.0,447.4,876.13,100.0,100.0,36.63323974609375,66.01000213623047,25.235118865966797,
2018-04-20,93.73911289976574,93.73838689504646,133.91365462787815,0.15951447043488745,91850.0,447.4,873.52,100.0,100.0,36.60374450683594,66.90769958496094,24.422210693359375,
2018-04-27,94.52405673734522,94.5237829966276,134.53065825546045,0.28756054587082086,91850.0,447.4,910.11,100.0,100.0,35.821956634521484,67.08000183105469,24.233003616333008,
2018-05-04,95.0378420587453,95.11683197923857,135.62459165115527,0.3139799936993525,91850.0,447.4,934.06,100.0,100.0,36.98725891113281,67.62000274658203,25.115985870361328,
2018-05-11,95.20452731750431,95.18827085873436,136.66785685742968,0.24165164880391948,91850.0,447.4,941.83,100.0,100.0,37.990299224853516,68.05999755859375,25.704639434814453,
2018-05-18,95.95300205085081,95.99179963886193,137.13285591675066,0.27338851648976453,91850.0,447.4,976.72,100.0,100.0,36.38985061645508,68.6500015258789,24.87071418762207,
2018-05-25,97.00245415619074,96.95507058655912,137.0575759283893,0.42568451174702404,91850.0,447.4,1025.64,100.0,100.0,35.27617645263672,67.43000030517578,24.2890625,
2018-06-01,96.6508490865562,96.66700373238021,136.86749561597588,0.5712640973085014,91850.0,447.4,1009.25,100.0,100.0,36.05058670043945,66.8301010131836,25.375276565551758,
2018-06-08,95.88392527695066,95.8817160062395,136.6162544585165,0.8115710945140644,91850.0,447.4,973.5,100.0,100.0,35.88096237182617,67.77999877929688,24.793628692626953,
2018-06-15,95.45337532285883,95.44905163376725,136.35749193501715,0.8543741032709761,91850.0,447.4,953.43,100.0,100.0,34.00761795043945,68.3499984741211,22.894514083862305,
2018-06-22,94.78041308768888,94.78222177159907,136.01267236035306,0.8697305196164585,91850.0,447.4,922.06,100.0,100.0,33.3143424987793,69.23999786376953,22.91234588623047,
2018-06-29,94.16086736401314,94.15983212647437,135.57210569033126,0.871002163685716,91850.0,447.4,893.18,100.0,100.0,33.491355895996094,68.9800033569336,22.819929122924805,
2018-07-06,93.94291083518539,93.94602765395565,135.19269986535542,0.8512157626520588,91850.0,447.4,883.02,100.0,100.0,33.867488861083984,68.72000122070312,22.819929122924805,
2018-07-13,94.52319864077504,94.52077285700425,135.03136282582935,0.8101246273674749,91850.0,447.4,910.07,100.0,100.0,33.801116943359375,68.6155014038086,22.514236450195312,
2018-07-20,95.34353896187477,95.3495366944242,135.08945006553543,0.7282744540226043,91850.0,447.4,948.31,100.0,100.0,35.32780838012695,68.83999633789062,23.381540298461914,
2018-07-27,95.6458034787235,95.64537518975939,135.2172419928889,0.7525464075250254,91850.0,447.4,962.4,100.0,100.0,34.162506103515625,68.30709838867188,22.954999923706055,
2018-08-03,95.03955825188567,95.03792111107342,135.34503392024232,0.7167204768237037,91850.0,447.4,934.14,100.0,100.0,33.749488830566406,68.45500183105469,22.92656707763672,
2018-08-10,94.78706333610785,94.78100043911263,135.4031211599484,0.6956528237102493,91850.0,447.4,922.37,100.0,100.0,31.66226577758789,70.66000366210938,21.383907318115234,
2018-08-17,94.06282983086916,94.06322281072009,134.99551021829797,0.7036702944787981,91850.0,447.4,888.61,100.0,100.0,31.93515968322754,69.79000091552734,21.59717559814453,
2018-08-24,93.33537846349228,93.32971172836307,134.098766146667,0.7206731639827881,91850.0,447.4,854.7,100.0,100.0,32.33342361450195,70.91000366210938,22.137462615966797,
2018-08-31,93.33623656006247,93.35564415823025,133.202022075036,0.7129354116431862,91850.0,447.4,854.74,100.0,100.0,31.780275344848633,71.88999938964844,21.31992530822754,
2018-09-07,92.95760144846702,92.95492623893897,132.79441113338555,0.6161770577498471,91850.0,447.4,837.09,100.0,100.0,31.70652198791504,71.92520141601562,21.412343978881836,
2018-09-14,92.85720414975502,92.8556208413974,132.79816553283356,0.30707552321470105,91850.0,447.4,832.41,100.0,100.0,33.93386459350586,72.34500122070312,23.0047664642334,
2018-09-21,93.50249277053639,93.49778499821218,132.8064252116192,0.4649011939447674,91850.0,447.4,862.49,100.0,100.0,33.97074508666992,72.7699966430664,23.203813552856445,
2018-09-28,93.35661635360444,93.35314472816127,132.8146848904048,0.4263452100229119,91850.0,447.4,855.69,100.0,100.0,33.78636169433594,73.8499984741211,22.99765396118164,
2018-10-05,92.955241682899,92.97174573829145,132.81843928985282,0.4285555954839504,91850.0,447.4,836.98,100.0,100.0,32.053165435791016,74.5999984741211,21.59717559814453,
2018-10-12,92.16815260389404,92.16874799927524,132.8152396182331,0.44386278864263856,91850.0,447.4,800.29,100.0,100.0,32.053165435791016,73.91999816894531,21.469221115112305,
2018-10-19,91.91201077769293,91.90636694739202,132.8082003406697,0.3516587599359161,91850.0,447.4,788.35,100.0,100.0,30.828857421875,73.22049713134766,20.459733963012695,
2018-10-26,91.59430052258081,91.59583722705364,132.80116106310635,0.34431479326701575,91850.0,447.4,773.54,100.0,100.0,32.1859130859375,74.06999969482422,21.668270111083984,
2018-11-02,92.955241682899,92.95741138855556,132.7979613914866,0.8290822818647567,91850.0,447.4,836.98,100.0,100.0,32.42930603027344,72.37999725341797,21.917083740234375,
2018-11-09,93.19143276384324,93.18857776886168,133.09135744245714,0.8221310731605994,91850.0,447.4,847.99,100.0,100.0,31.736021041870117,72.4000015258789,21.078216552734375,
2018-11-16,93.78330487313042,93.79090962356254,133.7368287545923,0.8060543684731326,91850.0,447.4,875.58,100.0,100.0,30.784610748291016,71.29499816894531,20.729875564575195,
2018-11-23,93.74490505161451,93.74355099349808,134.38230006672748,0.7955750570398002,91850.0,447.4,873.79,100.0,100.0,29.538177490234375,70.5999984741211,20.210922241210938,
2018-11-30,94.26619871800372,94.2718092723336,134.675696117698,0.7777532398060416,91850.0,447.4,898.09,100.0,100.0,29.14728355407715,70.87000274658203,19.905231475830078,
2018-12-07,93.98195422912895,93.98433593916808,134.59939580449637,0.6513592414525144,91850.0,447.4,884.84,100.0,100.0,28.387624740600586,72.1500015258789,20.14693832397461,
2018-12-14,94.23509271733441,94.2340942960271,134.43153511545276,0.594400051556354,91850.0,447.4,896.64,100.0,100.0,25.695634841918945,70.68550109863281,18.95262908935547,
2018-12-21,93.89357028239958,93.89228966710523,134.26367442640912,0.5952484850567723,91850.0,447.4,880.72,100.0,100.0,27.283367156982422,70.1500015258789,19.6765079498291,
2018-12-28,93.93239915220059,93.92998814054913,134.18737411320748,0.22827879720595626,91850.0,447.4,882.53,100.0,100.0,26.922931671142578,69.95999908447266,19.105749130249023,
2019-01-04,93.65609205660004,93.65351477164748,134.4366659412157,0.262193410405306,91850.0,447.4,869.65,100.0,100.0,29.6340274810791,70.55049896240234,20.810710906982422,
2019-01-11,94.56932133142264,94.57917098806927,135.00024921546324,0.3789646758553752,91850.0,447.4,912.22,100.0,100.0,29.79857635498047,71.36499786376953,20.97168731689453,
2019-01-18,94.53521199275767,94.53557029475235,135.60168562128447,0.37398089502168536,91850.0,447.4,910.63,100.0,100.0,29.829919815063477,71.15730285644531,20.752168655395508,
2019-01-25,95.19701897251517,95.1739865072481,135.9645368440137,0.4042033515868775,91850.0,447.4,941.48,100.0,100.0,31.083602905273438,71.12000274658203,21.93758773803711,
2019-02-01,94.95331954658178,94.95565747559213,136.10674147067996,0.38433246785758385,91850.0,447.4,930.12,100.0,100.0,29.994462966918945,71.54049682617188,21.476591110229492,
2019-02-08,95.19465920694715,95.18974560875799,136.22275536516264,0.3856720296993104,91850.0,447.4,941.37,100.0,100.0,30.527278900146484,70.86509704589844,21.659526824951172,
2019-02-15,95.48791370980891,95.47796215990114,136.30091612807166,0.3209785256498473,91850.0,447.4,955.04,100.0,100.0,31.475379943847656,71.30000305175781,22.325410842895508,
2019-02-22,95.42462908775754,95.42950047557618,136.3295613600169,0.33832497996571753,91850.0,447.4,952.09,100.0,100.0,31.39702796936035,71.19000244140625,22.398584365844727,
2019-03-01,94.69610509966792,94.69913063211699,136.006358258889,0.5074449379141257,91850.0,447.4,918.13,100.0,100.0,30.582130432128906,70.36499786376953,22.12052345275879,
2019-03-08,94.77247569441465,94.76828497247348,135.28869420243194,0.31016534219238096,91850.0,447.4,921.69,100.0,100.0,30.98957633972168,69.72630310058594,22.361995697021484,
2019-03-15,94.7261384796245,94.72153110305365,134.55448706103553,0.31714676539323433,91850.0,447.4,919.53,100.0,100.0,31.765300750732422,68.82499694824219,22.918119430541992,
2019-03-22,93.92489080721144,93.92598460489438,134.18165470508967,0.32539051191589163,91850.0,447.4,882.18,100.0,100.0,30.848541259765625,69.37000274658203,22.574203491210938,
2019-03-29,93.72452525807255,93.72412372441813,134.13466473757217,0.3299321107670113,91850.0,447.4,872.84,100.0,100.0,32.68989181518555,68.8499984741211,23.72303581237793,
2019-04-05,93.92296008992852,93.9233003465377,134.11076757977602,0.313321119311937,91850.0,447.4,882.09,100.0,100.0,31.741788864135742,69.14019775390625,23.605955123901367,
2019-04-12,93.9963273466796,93.99795868071952,134.0870553295642,0.2601942852455725,91850.0,447.4,885.51,100.0,100.0,31.55373764038086,69.4010009765625,23.642547607421875,
2019-04-19,93.82921303963548,93.82726160432293,134.0406200847995,0.24520712286748697,91850.0,447.4,877.72,100.0,100.0,30.2608699798584,70.0958023071289,22.79372215270996,
2019-04-26,93.69577902297124,93.69661286944277,133.7202288246851,0.16028172336248217,91850.0,447.4,871.5,100.0,100.0,29.477317810058594,69.63289642333984,22.076616287231445,
2019-05-03,93.81162205994663,93.81012258163645,133.1004305746796,0.16887028426908726,91850.0,447.4,876.9,100.0,100.0,29.58701515197754,70.01000213623047,21.520496368408203,
2019-05-10,92.64160738649528,92.64275505743481,132.49699050202918,0.4492050023995305,91850.0,447.4,822.36,100.0,100.0,29.124719619750977,70.20919799804688,21.454639434814453,
2019-05-17,92.55944463989978,92.55681506210803,132.22567377397988,0.3408298805403352,91850.0,447.4,818.53,100.0,100.0,28.247135162353516,69.97250366210938,20.642404556274414,
2019-05-24,92.5249062529497,92.52810435652786,132.44236796326766,0.34422706551881505,91850.0,447.4,816.92,100.0,100.0,28.08259391784668,69.81500244140625,20.869247436523438,
2019-05-31,93.65845182216808,93.64534808351992,132.91909517970075,0.7372527886789318,91850.0,447.4,869.76,100.0,100.0,28.278480529785156,69.625,20.949739456176758,
2019-06-07,93.44714554175927,93.44634393992317,133.39582239613387,0.7384229995221412,91850.0,447.4,859.91,100.0,100.0,29.610525131225586,69.69999694824219,21.95954132080078,
2019-06-14,93.52651947450167,93.52759289938524,133.61251658542162,0.7408130728415027,91850.0,447.4,863.61,100.0,100.0,30.041473388671875,69.87000274658203,21.842466354370117,
2019-06-21,93.31757295966088,93.31939611439216,133.5611461238482,0.7475927791197368,91850.0,447.4,853.87,100.0,100.0,30.409748077392578,69.60250091552734,22.822834014892578,
2019-06-28,92.89689111612621,92.89645154961025,133.43293181418449,0.7648685152055562,91850.0,447.4,834.26,100.0,100.0,30.401912689208984,69.00749969482422,22.890735626220703,
2019-07-05,93.58937504826793,93.5866524758408,133.26671926901517,0.5616043830332188,91850.0,447.4,866.54,100.0,100.0,29.853422164916992,68.36759948730469,22.20416259765625,
2019-07-12,93.16998034958854,93.16978363138251,133.10135410092505,0.633022093107308,91850.0,447.4,846.99,100.0,100.0,30.245201110839844,68.78600311279297,22.347515106201172,
2019-07-19,93.19271990869852,93.19216042130118,132.89866775836987,0.6315286218082284,91850.0,447.4,848.05,100.0,100.0,30.03364372253418,69.18499755859375,21.955183029174805,
2019-07-26,93.14423745248291,93.1482365586444,132.65034862937745,0.22538151249259186,91850.0,447.4,845.79,100.0,100.0,28.294151306152344,69.40499877929688,20.5895938873291,
2019-08-02,93.44800363832945,93.43171071802423,132.44002773589062,0.25916326619956404,91850.0,447.4,859.95,100.0,100.0,27.197175979614258,71.16510009765625,19.933197021484375,
2019-08-09,92.63538618636142,92.64477759104861,132.35133609985212,0.4544561470799174,91850.0,447.4,822.07,100.0,100.0,24.82300567626953,71.63520050048828,18.899568557739258,
2019-08-16,92.21127195654599,92.20989218219296,132.39126170050028,0.48755003123330204,91850.0,447.4,802.3,100.0,100.0,25.17560577392578,71.43779754638672,18.884479522705078,
2019-08-23,92.61586448938964,92.60149791809229,132.47909802192623,0.5365170964278193,91850.0,447.4,821.16,100.0,100.0,25.230453491210938,72.08499908447266,18.96746826171875,
2019-08-30,92.414426319538,92.41638007483424,132.5669343433522,0.3303405107685493,91850.0,447.4,811.77,100.0,100.0,26.209896087646484,71.95570373535156,19.97846794128418,
2019-09-06,92.81880432823911,92.823642046882,132.60685994400035,0.3890220781822669,91850.0,447.4,830.62,100.0,100.0,28.28631591796875,71.56009674072266,21.019641876220703,
2019-09-13,93.12943528664717,93.1297263652184,132.42136992330705,0.4252910685195372,91850.0,447.4,845.1,100.0,100.0,27.32254409790039,71.5425033569336,20.717851638793945,
2019-09-20,92.96296455203068,92.96369394377733,132.0132918777819,0.433584578919275,91850.0,447.4,837.34,100.0,100.0,26.452796936035156,71.30999755859375,20.129362106323242,
2019-09-27,92.19904408042082,92.19777403551507,131.60521383225668,0.5384105194717388,91850.0,447.4,801.73,100.0,100.0,25.661405563354492,71.1416015625,19.352251052856445,
2019-10-04,91.9890249448673,91.99265713807124,131.41972381156341,0.3706195910032227,91850.0,447.4,791.94,100.0,100.0,26.00617218017578,71.41000366210938,19.827571868896484,
2019-10-11,92.33784120064873,92.3355207767941,131.45679098609153,0.3695438486617914,91850.0,447.4,808.2,100.0,100.0,26.249074935913086,71.62000274658203,20.0388240814209,
2019-10-18,91.92895818495413,91.92869721575097,131.54212639977538,0.3496494170918048,91850.0,447.4,789.14,100.0,100.0,26.719205856323242,70.71499633789062,20.4688777923584,
2019-10-25,92.31831950367695,92.31962400708234,131.6369308877641,0.4115722837851288,91850.0,447.4,807.29,100.0,100.0,27.016956329345703,70.98999786376953,20.68766975402832,
2019-11-01,92.1926083561444,92.19053169700314,131.70240528520685,0.34476047250300224,91850.0,447.4,801.43,100.0,100.0,28.858306884765625,71.0,21.909921646118164,
2019-11-08,92.67786196658572,92.68034321498956,131.73180525828244,0.4172996593082947,91850.0,447.4,824.05,100.0,100.0,27.52626609802246,72.1415023803711,20.96683120727539,
2019-11-15,91.95169774406412,91.95048115189125,131.75155259368563,0.586138055293119,91850.0,447.4,790.2,100.0,100.0,27.8945369720459,71.76820373535156,21.01209831237793,
2019-11-22,92.14090803779058,92.14133870554141,131.7725973073398,0.4224054365430264,91850.0,447.4,799.02,100.0,100.0,29.15606117248535,71.22810363769531,21.668487548828125,
2019-11-29,92.26340132318491,92.26296968279895,131.80588941516805,0.41234848669839524,91850.0,447.4,804.73,100.0,100.0,29.077707290649414,71.4801025390625,21.4044246673584,
2019-12-06,92.44295803049675,92.4423384470224,131.8874486753076,0.3784936605807687,91850.0,447.4,813.1,100.0,100.0,30.56645393371582,70.72930145263672,22.64175796508789,
2019-12-13,92.63088117936792,92.6299450058228,132.02311980091503,0.28932858586472926,91850.0,447.4,821.86,100.0,100.0,30.323562622070312,70.98989868164062,22.42296028137207,
2019-12-20,92.84604889434257,92.84792999491314,132.1785902404429,0.2585533267151299,91850.0,447.4,831.89,100.0,100.0,29.837753295898438,71.54000091552734,22.964494705200195,
2019-12-27,92.62101306881077,92.62252580884858,132.3195474423438,0.27789818582773945,91850.0,447.4,821.4,100.0,100.0,30.553274154663086,71.0250015258789,23.165258407592773,
2020-01-03,92.94580262062692,92.94741048656823,132.46124168515612,0.22363287736281284,91850.0,447.4,836.54,100.0,100.0,29.999555587768555,71.41190338134766,22.784921646118164,
2020-01-10,92.86149463260595,92.85926126979383,132.6140270336667,0.04790159479393892,91850.0,447.4,832.61,100.0,100.0,30.039825439453125,70.71800231933594,23.094289779663086,
2020-01-17,92.95309644147352,92.95080346227357,132.7362466157011,0.06109189848808966,91850.0,447.4,836.88,100.0,100.0,29.677417755126953,71.0781021118164,22.645708084106445,
2020-01-24,92.94258475848872,92.94920900837023,132.78624355908468,0.07801709485201924,91850.0,447.4,836.39,100.0,100.0,27.849254608154297,71.30000305175781,21.431438446044922,
2020-01-31,91.82233968610828,91.82751344773176,132.64746136595048,0.5644088186297413,91850.0,447.4,784.17,100.0,100.0,28.5257511138916,71.18000030517578,21.80267906188965,
2020-02-07,92.03750740108292,92.03407486761604,132.28651317124329,0.5701563715462923,91850.0,447.4,794.2,100.0,100.0,28.050594329833984,71.29620361328125,21.609329223632812,
2020-02-14,92.08320104344543,92.09504538868896,131.78649655200627,0.5405553412319999,91850.0,447.4,796.33,100.0,100.0,27.446577072143555,71.82749938964844,21.19168472290039,
2020-02-21,91.85644902477324,91.8602084847383,131.23050908528256,0.5396918189817363,91850.0,447.4,785.76,100.0,100.0,23.93521499633789,71.66339874267578,18.577526092529297,
2020-02-28,90.83939006495791,90.82252726582821,130.30738443207318,0.6977446748025707,91850.0,447.4,738.35,100.0,100.0,23.427845001220703,74.0425033569336,18.407373428344727,
2020-03-06,90.69222650317067,90.66576947918976,128.9996660025676,0.6864520974945638,91850.0,447.4,731.49,100.0,100.0,16.59841537475586,74.76000213623047,13.92154312133789,
2020-03-13,89.77663746278006,89.78068798936732,127.8310159975919,0.7281177821733907,91850.0,447.4,688.81,100.0,100.0,15.44675350189209,74.98200225830078,12.92383098602295,
2020-03-20,89.11525953130766,89.12645391831424,127.325096617972,0.6875254975794676,91850.0,447.4,657.98,100.0,100.0,17.69369888305664,75.84549713134766,15.197681427001953,
2020-03-27,89.67752730892335,89.67130871742741,127.63863764465263,0.7730989601716983,91850.0,447.4,684.19,100.0,100.0,17.20243263244629,77.56999969482422,14.787773132324219,
2020-04-03,89.9246591211375,89.91785436274958,128.32842790335008,0.7725764121783463,91850.0,447.4,695.71,100.0,100.0,18.861467361450195,75.95899963378906,16.12578773498535,
2020-04-10,90.35027501995074,90.37361442999693,129.0182181620475,0.828579632119905,91850.0,447.4,715.55,100.0,100.0,17.758127212524414,77.2125015258789,15.507048606872559,
2020-04-17,90.53047529969024,90.53110016554011,129.33175918872814,0.8375679571430074,91850.0,447.4,723.95,100.0,100.0,18.04805564880371,76.4000015258789,15.592123985290527,
2020-04-24,90.56715892806577,90.56338725433726,129.27581933869084,0.6638553399370616,91850.0,447.4,725.66,100.0,100.0,19.151397705078125,75.25849914550781,16.47382354736328,
2020-05-01,90.67785338562001,90.67255609776963,129.1527516686088,0.6569450680033352,91850.0,447.4,730.82,100.0,100.0,18.829252243041992,76.15129852294922,16.141252517700195,
2020-05-08,90.44852707723727,90.45149225370159,129.0296839985267,0.3542434754139826,91850.0,447.4,720.13,100.0,100.0,17.943361282348633,75.42620086669922,15.831887245178223,
2020-05-15,90.28012562533787,90.28049276893516,128.9737441484894,0.16411583648727285,91850.0,447.4,712.28,100.0,100.0,19.52991485595703,75.77999877929688,17.448331832885742,
2020-05-22,89.90835528630393,89.91241003778165,128.97487422601617,0.16666278116487002,91850.0,447.4,694.95,100.0,100.0,20.77016258239746,76.12999725341797,18.175342559814453,
2020-05-29,90.16685687807306,90.16582591022528,128.97822631339008,0.17727061904226454,91850.0,447.4,707.0,100.0,100.0,23.355361938476562,75.54499816894531,19.51335906982422,
2020-06-05,90.46890687077924,90.46745352414287,128.98374319280163,0.15738243153122985,91850.0,447.4,721.08,100.0,100.0,21.41444969177246,75.875,18.763147354125977,
2020-06-12,90.29278254974815,90.29282906334849,128.99136764644123,0.16394607560986274,91850.0,447.4,712.87,100.0,100.0,22.630538940429688,76.55000305175781,18.863689422607422,
2020-06-19,90.50258716115911,90.49743823493694,129.15251301251192,0.1897270065925129,91850.0,447.4,722.65,100.0,100.0,22.388931274414062,75.97000122070312,19.24466896057129,
2020-06-26,90.30329423273295,90.30425748256546,129.4957758992718,0.20063066481869551,91850.0,447.4,713.36,100.0,100.0,22.163433074951172,75.45490264892578,19.417402267456055,
2020-07-03,90.5759544179102,90.58065888098287,129.83687399399406,0.22461292393919752,91850.0,447.4,726.07,100.0,100.0,21.784912109375,74.93990325927734,19.849254608154297,
2020-07-10,91.0373958485288,90.99293045121681,129.99152498395193,0.2803733160311385,91850.0,447.4,747.58,100.0,100.0,23.129859924316406,75.1249008178711,20.673688888549805,
2020-07-17,90.80613882286312,90.8041362812186,129.84395137563223,0.23805278868147103,91850.0,447.4,736.8,100.0,100.0,23.298986434936523,74.81999969482422,20.8228702545166,
2020-07-24,90.39532508988562,90.3946978086089,129.51928943732895,0.32706238832165496,91850.0,447.4,717.65,100.0,100.0,23.46005630493164,74.8311996459961,21.06627655029297,
2020-07-31,90.36250289607592,90.3622403695501,129.19462749902564,0.2921335895895078,91850.0,447.4,716.12,100.0,100.0,24.28152084350586,74.8822021484375,22.03989028930664,
2020-08-07,90.33053879883641,90.33180894724549,129.04705389070597,0.28596234787455466,91850.0,447.4,714.63,100.0,100.0,24.780841827392578,74.77210235595703,21.906415939331055,
2020-08-14,90.56737345220832,90.57342620830774,129.10601871296262,0.29801194760214433,91850.0,447.4,725.67,100.0,100.0,24.990238189697266,74.966796875,21.875009536743164,
2020-08-21,91.10432738100346,91.09565355730213,129.23574132192732,0.38044838051604524,91850.0,447.4,750.7,100.0,100.0,24.611719131469727,74.24009704589844,21.600196838378906,
2020-08-28,90.64824905394853,90.64433099570525,129.36546393089193,0.475225096685035,91850.0,447.4,729.44,100.0,100.0,24.917753219604492,73.24849700927734,21.600196838378906,
2020-09-04,90.59633421145216,90.59596805005255,129.42442875314862,0.3748655534555354,91850.0,447.4,727.02,100.0,100.0,24.531179428100586,73.55000305175781,21.69441795349121,
2020-09-11,90.5572908175086,90.56075214403091,129.33918515732586,0.363354292449077,91850.0,447.4,725.2,100.0,100.0,26.39961051940918,73.55069732666016,22.5816650390625,
2020-09-18,90.70874486214679,90.70447279153005,129.15164924651583,0.2994480659417199,91850.0,447.4,732.26,100.0,100.0,24.458703994750977,73.77839660644531,20.924945831298828,
2020-09-25,90.25202296266421,90.2515033902269,128.9641133357058,0.40720857056293097,91850.0,447.4,710.97,100.0,100.0,25.086877822875977,73.70500183105469,21.042720794677734,
2020-10-02,90.21469576186104,90.21408151277839,128.87886973988304,0.4105987837809995,91850.0,447.4,709.23,100.0,100.0,26.786178588867188,73.5425033569336,21.749378204345703,
2020-10-09,90.26081845250864,90.2626682254874,128.88751901489218,0.3842242915348273,91850.0,447.4,711.38,100.0,100.0,26.367399215698242,73.29620361328125,21.73367691040039,
2020-10-16,90.57209298334435,90.56945809909644,128.91158338243372,0.2870182595951975,91850.0,447.4,725.89,100.0,100.0,26.947254180908203,73.6812973022461,22.204784393310547,
2020-10-23,90.37194195834799,90.37104602849558,128.94823765627885,0.22783618302034322,91850.0,447.4,716.56,100.0,100.0,25.860023498535156,74.44000244140625,20.924945831298828,
2020-10-30,90.29471326703107,90.29513133720974,128.9946566501987,0.23644894805044056,91850.0,447.4,712.96,100.0,100.0,27.068058013916016,74.37999725341797,22.03989028930664,
2020-11-06,90.64610381252307,90.64775189100894,129.14391731282697,0.30815773655249795,91850.0,447.4,729.34,100.0,100.0,28.034486770629883,74.56999969482422,23.005661010742188,
2020-11-13,90.80206286415473,90.79234647873925,129.4068232578306,0.3156042262707345,91850.0,447.4,736.61,100.0,100.0,29.95123863220215,74.41999816894531,24.03424072265625,
2020-11-20,90.73534585582262,90.73499263518922,129.6571392965307,0.20741644372998663,91850.0,447.4,733.5,100.0,100.0,32.49616241455078,73.77989959716797,25.75377655029297,
2020-11-27,90.8338124372517,90.83690608028743,129.76863024024823,0.2112413231343186,91850.0,447.4,738.09,100.0,100.0,33.712257385253906,73.66259765625,27.44976043701172,
2020-12-04,90.3961831864558,90.39610550866324,129.61492068321132,0.3378441674353714,91850.0,447.4,717.69,100.0,100.0,36.675968170166016,73.93499755859375,28.619670867919922,
2020-12-11,89.74746217939366,89.74434026001536,129.2767596577302,0.4581884125159125,91850.0,447.4,687.45,100.0,100.0,36.90952682495117,73.6166000366211,28.910184860229492,
2020-12-18,90.01969331628581,90.01919561947433,128.93859863224904,0.5057750111583182,91850.0,447.4,700.14,100.0,100.0,35.75786590576172,73.83979797363281,28.97321319580078,
2020-12-25,90.1496949466693,90.14829586955885,128.78488907521213,0.5165344939917026,91850.0,447.4,706.2,100.0,100.0,36.61671829223633,73.13400268554688,29.30723762512207,
2021-01-01,90.14390279482053,90.14134296488609,128.90124094722762,0.44843576474858776,91850.0,447.4,705.93,100.0,100.0,41.53121566772461,73.36000061035156,32.82252502441406,
2021-01-08,90.43136514583351,90.42896059807127,129.15855135826246,0.47529288675821146,91850.0,447.4,719.33,100.0,100.0,41.17842102050781,73.1698989868164,32.57596969604492,
2021-01-15,90.6147832877112,90.61388197705011,129.4192025007992,0.488048605037872,91850.0,447.4,727.88,100.0,100.0,38.520164489746094,72.91089630126953,31.796571731567383,
2021-01-22,90.68171482018586,90.68077046029134,129.54557656732044,0.4775477356788949,91850.0,447.4,731.0,100.0,100.0,36.8464469909668,73.03710174560547,29.96735191345215,
2021-01-29,90.33761809554048,90.33781905978235,129.55486487969603,0.44867643686698905,91850.0,447.4,714.96,100.0,100.0,37.010536193847656,72.85800170898438,29.983259201049805,
2021-02-05,90.06152552408248,90.05674700714563,129.55929072634385,0.27020228697266196,91850.0,447.4,702.09,100.0,100.0,38.61861801147461,72.80729675292969,31.55797576904297,
2021-02-12,90.17608141620258,90.18173810706708,129.56378424956853,0.24986797666945298,91850.0,447.4,707.43,100.0,100.0,39.6031608581543,72.79730224609375,33.291751861572266,
2021-02-19,90.70230913787037,90.70015953505555,129.57327559167464,0.37858781185295315,91850.0,447.4,731.96,100.0,100.0,41.03894805908203,72.4000015258789,34.07115936279297,
2021-02-26,90.40926915915117,90.41029133207452,129.85427239662678,0.44624309919536276,91850.0,447.4,718.3,100.0,100.0,40.899471282958984,72.88069915771484,33.1326904296875,
2021-03-05,90.83552863039206,90.83702546873943,130.45474164551194,0.49861666481424877,91850.0,447.4,738.17,100.0,100.0,44.73097610473633,72.70600128173828,34.58811569213867,
2021-03-12,91.75648077434634,91.85802105118505,131.0518024863183,0.7668881902965717,91850.0,447.4,781.1,100.0,100.0,43.47568893432617,72.29560089111328,33.30766296386719,
2021-03-19,91.93196152294979,91.92465316667084,131.32257406703417,0.7703247067266127,91850.0,447.4,789.28,100.0,100.0,42.25321578979492,72.64559936523438,31.796571731567383,
2021-03-26,92.52319005980934,92.52020131895961,131.31303254853978,0.7298772955238453,91850.0,447.4,816.84,100.0,100.0,45.55142593383789,73.20349884033203,33.84051513671875,
2021-04-02,92.47342045873843,92.46128771172714,131.2871904662704,0.6669105740642183,91850.0,447.4,814.52,100.0,100.0,46.31444549560547,74.40149688720703,34.90623092651367,
2021-04-09,92.04351407707424,92.04247907704388,131.24922153004667,0.8421351754945358,91850.0,447.4,794.48,100.0,100.0,47.1348991394043,75.0261001586914,36.15487289428711,
2021-04-16,91.84143233479496,91.84116197782605,131.2032994496893,0.8769293449811532,91850.0,447.4,785.06,100.0,100.0,47.02824020385742,75.42949676513672,35.741310119628906,
2021-04-23,91.65543990320671,91.65489447664407,131.09478987120517,0.8677073104971499,91850.0,447.4,776.39,100.0,100.0,49.80956268310547,74.31179809570312,37.33988952636719,
2021-04-30,91.46622960948025,91.46725461375024,130.91912843910262,0.8781462242173448,91850.0,447.4,767.57,100.0,100.0,53.11598205566406,73.79940032958984,39.02595138549805,
2021-05-07,91.5344482868102,91.53168090634482,130.75559386095435,0.46895065109816175,91850.0,447.4,770.75,100.0,100.0,52.459617614746094,73.68160247802734,38.44537353515625,
2021-05-14,91.48146082360108,91.47728230107683,130.68346484433323,0.42863478821274975,91850.0,447.4,768.28,100.0,100.0,51.130489349365234,73.222900390625,37.355804443359375,
2021-05-21,91.67024206904244,91.6766696829038,130.7496790802263,0.14356018241769877,91850.0,447.4,777.08,100.0,100.0,51.803260803222656,72.67250061035156,37.62620162963867,
2021-05-28,91.50849086556201,91.51049481579155,130.89535039919105,0.1512369023645261,91850.0,447.4,769.54,100.0,100.0,52.705753326416016,72.96510314941406,38.13520431518555,
2021-06-04,91.65779966877473,91.65873996433447,131.04102171815578,0.12124008020606876,91850.0,447.4,776.5,100.0,100.0,52.722171783447266,72.98529815673828,37.03766632080078,
2021-06-11,91.78222367145199,91.7739183711464,131.10723595404886,0.12590563271732863,91850.0,447.4,782.3,100.0,100.0,48.72657012939453,73.8240966796875,34.97907257080078,
2021-06-18,91.52264945897011,91.52312158308666,131.05645154638705,0.15410022347168018,91850.0,447.4,770.2,100.0,100.0,51.26176071166992,74.24690246582031,36.50481033325195,
2021-06-25,91.69963187657139,91.70200420382018,130.94472584953107,0.15670445863021937,91850.0,447.4,778.45,100.0,100.0,50.57258224487305,74.37100219726562,36.327205657958984,
2021-07-02,91.83285136909308,91.82675974369653,130.8330001526751,0.17116882246448167,91850.0,447.4,784.66,100.0,100.0,49.28447723388672,74.8218994140625,35.802486419677734,
2021-07-09,91.54796330779067,91.54640706777747,130.7822157450133,0.2410261022390547,91850.0,447.4,771.38,100.0,100.0,51.11408233642578,74.46910095214844,37.06990051269531,
2021-07-16,91.59794743300411,91.59922263741393,130.8899438372153,0.22292771213501758,91850.0,447.4,773.71,100.0,100.0,50.14595413208008,74.44020080566406,36.4240837097168,
2021-07-23,91.60609935042089,91.60222990347877,131.1828316229607,0.21232425202403754,91850.0,447.4,774.09,100.0,100.0,54.248207092285156,74.38999938964844,39.128448486328125,
2021-07-30,91.79874203042812,91.80013752452317,131.6154343659588,0.22960909216148934,91850.0,447.4,783.07,100.0,100.0,52.016578674316406,74.18399810791016,37.643070220947266,
2021-08-06,92.51203480439689,92.49845928047267,132.14230732991885,0.5338274763635636,91850.0,447.4,816.32,100.0,100.0,54.91276550292969,74.10299682617188,38.490699768066406,
2021-08-13,93.1556072320379,93.24623114880899,133.16123177527155,0.5779518422645693,91850.0,447.4,846.32,100.0,100.0,49.70290756225586,74.2697982788086,34.454341888427734,
2021-08-20,93.76249603130337,93.7632679693234,134.82326127930256,0.6489036419406307,91850.0,447.4,874.61,100.0,100.0,50.81871795654297,74.0999984741211,35.61681365966797,
2021-08-27,94.73943897646241,94.69990976339562,136.7128595810032,0.7976122371484493,91850.0,447.4,920.15,100.0,100.0,51.36842346191406,72.98509979248047,36.74699401855469,
2021-09-03,97.04364279155976,96.88893258021834,138.4144904193649,0.9770682028082824,91850.0,447.4,1027.56,100.0,100.0,50.129539489746094,73.78900146484375,36.24648666381836,
2021-09-10,97.58338553420802,97.61358575894396,140.10460526169166,0.952884055106644,91850.0,447.4,1052.72,100.0,100.0,48.98911666870117,73.43800354003906,35.35041427612305,
2021-09-17,96.81088409689627,96.80403381782062,141.91298238921416,0.9728041077774947,91850.0,447.4,1016.71,100.0,100.0,46.1995849609375,73.8749008178711,33.9619026184082,
2021-09-24,100.32564764838635,100.41545117191701,143.35407576181436,0.9913112337661495,91850.0,447.4,1180.55,100.0,100.0,45.297088623046875,74.3219985961914,32.92052459716797,
2021-10-01,100.75555403005055,100.75837847205875,143.94233933937403,0.9808172367674424,91850.0,447.4,1200.59,100.0,100.0,45.65808868408203,74.76000213623047,33.566341400146484,
2021-10-08,99.06317306949725,99.05552887222775,143.6084715297762,0.9845523215116646,91850.0,447.4,1121.7,100.0,100.0,47.26616668701172,75.3062973022461,35.439212799072266,
2021-10-15,97.98733449462402,97.9931532555312,142.7877440294163,0.977881159024744,91850.0,447.4,1071.55,100.0,100.0,45.87139892578125,74.80919647216797,34.640018463134766,
2021-10-22,97.44737722783321,97.43810338944012,141.7514707309447,0.96586021120987,91850.0,447.4,1046.38,100.0,100.0,46.265220642089844,75.05000305175781,34.486637115478516,
2021-10-29,98.54145035482294,98.53844454345293,140.77096552701178,0.935558686956661,91850.0,447.4,1097.38,100.0,100.0,45.23145294189453,74.43550109863281,33.445255279541016,
2021-11-05,97.73998815826734,97.74354187522789,139.6954788507243,0.9248719419905478,91850.0,447.4,1060.02,100.0,100.0,46.568782806396484,74.40489959716797,34.478553771972656,273.57
2021-11-12,96.02502945712803,96.00711354756218,138.45024631307263,0.9237588663039593,91850.0,424.7,1027.38,100.0,100.0,43.8695068359375,74.25980377197266,33.20307540893555,273.4
2021-11-19,95.65675090368367,95.6554503270093,137.42055957353267,0.6972881769702335,91850.0,416.5,1027.3,100.0,100.0,45.526817321777344,74.625,34.06686019897461,235.64
2021-11-26,95.89505249174655,95.89299893584526,136.99171029158026,0.6803620694561054,91850.0,416.6,1038.2,100.0,100.0,44.025390625,75.01789855957031,33.42911148071289,229.56
2021-12-03,98.19253244701152,98.21941885869889,138.65838300629636,0.8055756136145461,91850.0,419.9,1138.42,100.0,100.0,45.35451889038086,75.38330078125,34.260597229003906,223.26
2021-12-10,99.0981963366304,99.10634805835006,142.32506297867175,0.7891941533637775,91850.0,410.8,1199.6,100.0,100.0,46.38008117675781,76.2114028930664,33.21921920776367,209.73
2021-12-17,101.388909603953,101.39337940005024,145.99174295104717,0.8265002339603009,91850.0,413.2,1301.38,100.0,100.0,43.09007263183594,75.45850372314453,35.496578216552734,192.12
2021-12-24,103.39964439204604,103.35959939596357,147.65841566576327,0.8363597477218279,91850.0,413.2,1395.11,100.0,100.0,46.53507995605469,74.57029724121094,35.479740142822266,184.36
2021-12-31,101.23857751003153,101.20700708031151,146.63656784999424,0.8719723491631315,91850.0,397.0,1328.13,100.0,100.0,48.126102447509766,74.43009948730469,36.32096862792969,182.66
2022-01-07,97.50729989119895,97.56020324171942,144.38850265530243,0.9215103126287539,91850.0,394.7,1158.99,100.0,100.0,50.2005729675293,73.79910278320312,38.85871505737305,181.59
2022-01-14,97.51144117572134,97.51718793000431,142.1404374606106,0.906220027040785,91850.0,397.6,1153.14,100.0,100.0,48.35464096069336,74.44920349121094,38.29383087158203,180.29
2022-01-21,98.78955747031581,98.78177838526112,141.11858964484156,0.8967793757891224,91850.0,406.3,1194.59,100.0,100.0,45.84944534301758,74.8949966430664,36.24508285522461,191.43
2022-01-28,97.05959590771023,97.0490795289164,142.28802465392457,0.8765802916250984,91850.0,409.5,1107.28,100.0,100.0,48.24916076660156,74.82240295410156,37.071327209472656,196.02
2022-02-04,96.86628518206966,96.86797571213874,144.86078167390718,0.8579547669150456,91850.0,407.1,1103.27,100.0,100.0,51.50151824951172,74.80889892578125,39.550052642822266,194.9
2022-02-11,104.87935207483739,104.92445262589072,147.43353869388983,0.9690061237157908,104000.0,407.4,1167.86,100.0,100.0,49.857757568359375,75.04199981689453,39.06105422973633,195.01
2022-02-18,104.12113159696229,104.0207817599489,148.60297370297286,0.9534705686513144,104000.0,419.4,1107.51,100.0,100.0,48.97874450683594,74.63300323486328,38.38656234741211,211.68
2022-02-25,105.1293928996352,105.22430577022968,148.4807511316961,0.9330824549532096,104000.0,426.2,1140.34,100.0,100.0,56.47674560546875,75.63099670410156,42.138389587402344,210.45
2022-03-04,123.36304724200434,122.85689885700837,148.14115050362577,0.9886909180986067,134050.0,445.7,1187.13,100.0,100.0,56.151512145996094,76.13490295410156,40.75570297241211,211.53
2022-03-11,104.44862671153905,104.45299309405901,147.62477244740145,0.9922090255611365,97500.0,490.0,1140.6,100.0,100.0,56.459163665771484,76.02420043945312,40.57864761352539,215.15
2022-03-18,102.8928976297882,102.87926674627676,146.97221759166294,0.9813683340127498,97500.0,490.0,1068.08,100.0,100.0,60.8015022277832,76.55239868164062,43.43677520751953,215.15
2022-03-25,101.43699391023338,101.52088569118565,144.9103111601767,0.9678054695809122,97500.0,483.0,1014.8,100.0,100.0,59.632408142089844,75.82779693603516,43.183841705322266,212.17
2022-04-01,101.46945474066627,101.37277681272245,141.29335963730742,0.953343739663303,97500.0,468.6,1046.32,100.0,100.0,59.368709564208984,75.94509887695312,43.04050827026367,202.3
2022-04-08,96.20306697275822,96.24808417083867,137.85318554259203,0.9329782517030772,86750.0,465.2,1080.7,100.0,100.0,61.26737594604492,76.12169647216797,43.70656204223633,187.75
2022-04-15,95.41354885136784,95.4239355700001,136.3216113955676,0.9186318443628815,86750.0,454.9,1065.36,100.0,100.0,59.0522575378418,76.27619934082031,41.10980224609375,183.37
2022-04-22,95.49981814817887,95.49787280808962,141.20336123852255,0.9042459085876258,86750.0,457.9,1063.13,100.0,100.0,56.04602813720703,76.47219848632812,38.76596450805664,184.52
2022-04-29,95.45930801134061,95.47140604624842,151.94321089302343,0.7219581176102804,86750.0,447.3,1083.33,100.0,100.0,52.820037841796875,76.00160217285156,37.27367401123047,180.47
2022-05-06,116.15562126705927,116.11581792433999,162.68306054752432,0.8660436845513129,126000.0,459.9,1025.84,100.0,100.0,48.78535842895508,77.41840362548828,34.010860443115234,178.63
2022-05-13,117.20545742527631,117.29390158177277,167.5648103904793,0.8511202087089189,126000.0,462.5,1069.36,100.0,100.0,50.84225845336914,77.81999969482422,36.35468673706055,177.47
2022-05-20,117.49320593634354,117.52288160939617,163.82136956994722,0.8370149024598519,126000.0,455.5,1097.36,100.0,100.0,55.263702392578125,77.49729919433594,38.25167465209961,175.22
2022-05-27,117.56759234100365,117.6606030458747,155.58579976477662,0.8263730604994467,126000.0,474.8,1060.61,100.0,100.0,56.55585479736328,77.58409881591797,39.97161102294922,178.03
2022-06-03,118.6572502600196,118.50456067940183,147.35022995960605,0.7931815474568125,126000.0,480.1,1100.36,100.0,100.0,52.547542572021484,77.72429656982422,36.58232498168945,171.71
2022-06-10,100.5953780514784,100.52349626691067,143.60678913907398,0.8741368125334051,92000.0,493.9,1092.42,100.0,100.0,46.72846221923828,77.90019989013672,34.0931396484375,172.44
2022-06-17,101.22401115976169,101.33216905077086,147.49177142566205,0.8621187956994796,92000.0,508.5,1091.3,100.0,100.0,43.502479553222656,78.19309997558594,30.964282989501953,160.21
2022-06-24,101.38153127970004,101.35710624355336,156.0387324561558,0.8506884571467319,92000.0,500.3,1115.73,100.0,100.0,43.484893798828125,78.89830017089844,31.218448638916016,158.78
2022-07-01,102.05755625217449,102.04315527681466,164.58569348664955,0.619043918822605,92000.0,492.1,1164.33,100.0,100.0,43.37941360473633,79.04389953613281,30.85034942626953,158.6
2022-07-08,118.00498093053238,117.9279994260874,168.47067577323762,0.767655806729901,118575.0,485.8,1246.49,100.0,100.0,41.01486587524414,79.80750274658203,28.28240966796875,145.74
2022-07-15,116.15251422952215,116.21175833592213,167.69077100551254,0.7608544578926663,118575.0,466.8,1199.73,100.0,100.0,44.170528411865234,80.00340270996094,30.19302749633789,143.76
2022-07-22,114.58252254323892,114.47264526550455,165.66631945566553,0.7536921638997303,118575.0,456.6,1147.8,100.0,100.0,46.23621368408203,79.84739685058594,31.61284637451172,144.26
2022-07-29,112.7252119695624,112.56128738212703,162.87021525368874,0.7462374129040362,118575.0,421.9,1133.53,100.0,100.0,46.350486755371094,79.11830139160156,31.53396224975586,142.34
2022-08-05,111.61742981965195,111.84134921362802,159.7753525295745,0.586607440306286,118575.0,416.9,1092.31,100.0,100.0,49.69953536987305,79.0978012084961,33.76886749267578,140.72
2022-08-12,96.93479970941553,97.07450434269523,154.7136494212648,0.7070440941228049,90750.0,421.5,1104.37,100.0,100.0,49.47098922729492,79.35970306396484,33.716278076171875,141.56
2022-08-19,99.17659337843428,99.16789848757101,147.590496374058,0.7032015027412383,90750.0,419.6,1212.83,100.0,100.0,50.1829948425293,79.79679870605469,34.382362365722656,140.96
2022-08-26,98.65991918306024,98.75379056825821,141.23899597898094,0.6960269486478582,90750.0,416.8,1194.58,100.0,100.0,45.1022834777832,79.54879760742188,31.165863037109375,140.08
2022-09-02,96.94147519822533,96.94336418543391,138.49225082706042,0.46183168427479754,90750.0,381.9,1187.2,100.0,100.0,46.341697692871094,79.6498031616211,32.06858825683594,136.06
2022-09-09,101.35454008681232,101.36359419221252,138.75256100359167,0.5012084670147317,97000.0,379.6,1239.11,100.0,100.0,44.460609436035156,79.45369720458984,31.753070831298828,134.09
2022-09-16,99.60400236963022,99.59162325116596,139.3252433919604,0.494849155702127,97000.0,395.1,1125.21,100.0,100.0,43.906822204589844,80.05069732666016,31.01686668395996,134.71
2022-09-23,99.63796250996664,99.63094971643004,139.89792578032916,0.49148154239972497,97000.0,398.0,1120.75,100.0,100.0,41.88508987426758,81.42870330810547,29.9914493560791,135.63
2022-09-30,98.11214622584923,98.10953920390043,140.1582359568604,0.48525552865799093,97000.0,400.2,1045.04,100.0,100.0,45.374778747558594,81.6488037109375,31.560256958007812,138.85
2022-10-07,123.8002730905076,122.64772462318365,138.8944778239449,0.7745811925464899,144150.0,400.7,1044.99,100.0,100.0,45.90218734741211,82.19999694824219,31.034399032592773,138.98
2022-10-14,96.63529809134884,96.6267858576611,136.1142099315308,0.9023953494904056,90500.0,420.1,1099.67,100.0,100.0,45.875816345214844,82.99700164794922,30.52606964111328,138.52
2022-10-21,96.07039898380802,96.05152777416984,133.3339420391167,0.8901436310237577,90500.0,411.0,1092.3,100.0,100.0,47.40530776977539,82.04959869384766,31.910829544067383,142.25
2022-10-28,92.4336183579147,92.44797351473484,132.0701839062012,0.8804307939023198,90500.0,401.6,942.36,100.0,100.0,46.25379180908203,82.88839721679688,30.832820892333984,141.4
2022-11-04,93.20323703955391,93.19944138606705,132.2376005940289,0.8659531121964561,90500.0,399.4,982.82,100.0,100.0,49.76985549926758,81.34380340576172,34.71540451049805,140.69
2022-11-11,92.79137930186909,92.78134059651795,132.70919531413702,0.8549884644639307,90500.0,398.7,965.08,100.0,100.0,51.94981384277344,81.49530029296875,35.57430648803711,141.0
2022-11-18,93.3659933706351,93.37442892187974,133.43898505146322,0.8459258343173225,90500.0,403.3,982.28,100.0,100.0,53.18043518066406,81.63289642333984,36.468265533447266,140.68
2022-11-25,94.078270755902,94.06551532143278,134.380986790945,0.8369580494012504,90500.0,401.9,1018.4,100.0,100.0,54.84177780151367,81.3052978515625,38.089664459228516,139.04
2022-12-02,94.0660590673831,94.06956487704767,138.00298284801252,0.5387674110336198,90500.0,410.5,999.91,100.0,100.0,54.87693405151367,82.25350189208984,38.13348388671875,138.17
2022-12-09,108.78316220575242,108.81482308402381,144.6287600840273,0.39516938515026373,116600.0,426.3,990.72,100.0,100.0,52.38053512573242,82.50800323486328,35.6970100402832,143.2
2022-12-16,108.62873541462572,108.61024168914098,150.99634230282405,0.3847396698723081,116600.0,429.3,977.27,100.0,100.0,51.334503173828125,82.87860107421875,36.612571716308594,144.17
2022-12-23,107.73552635367372,107.68928164246718,153.84375330823747,0.3537035262816792,116600.0,429.1,936.05,100.0,100.0,53.69013977050781,82.85199737548828,37.205711364746094,144.11
2022-12-30,109.03322196084338,109.59659166764166,151.88633806116465,0.3438838858063282,116600.0,415.4,1025.09,100.0,100.0,54.576969146728516,82.66649627685547,37.457340240478516,144.48
2023-01-06,97.94626232678046,97.92635269817443,147.43666529971452,0.4496862859434757,92500.0,425.7,1098.36,100.0,100.0,60.202796936035156,81.63179779052734,41.34865951538086,145.89
2023-01-13,97.46114115167256,97.47861735618969,142.62859449353954,0.44166508546369776,92500.0,445.7,1034.07,100.0,100.0,59.50995635986328,81.43599700927734,41.070068359375,147.44
2023-01-20,97.69765095967992,97.71596853071804,139.59598511229214,0.43177937433121905,92500.0,445.4,1045.72,100.0,100.0,63.519168853759766,81.50270080566406,42.822513580322266,147.32
2023-01-27,97.36016165534349,97.3599059322802,138.44704275803184,0.421166460555321,92500.0,441.2,1038.74,100.0,100.0,62.72471618652344,81.71029663085938,41.32170104980469,146.0
2023-02-03,97.75652865485698,97.73471205752551,137.66660328616626,0.16804754995201385,92875.0,449.8,1029.78,100.0,100.0,60.01803970336914,82.65950012207031,40.00062942504883,146.8
2023-02-10,98.50437836247639,98.52392280325338,136.95347154637005,0.17065689450103208,92875.0,441.1,1082.77,100.0,100.0,62.84480667114258,82.73770141601562,40.045562744140625,147.93
2023-02-17,95.20383712875517,95.20332702162526,136.00645238831794,0.17405582771014408,88300.0,438.7,1050.01,100.0,100.0,60.8402099609375,82.83529663085938,38.697532653808594,147.15
2023-02-24,94.21745531312033,94.20734105639603,134.31557979738193,0.16588761809446126,88300.0,428.2,1025.91,100.0,100.0,63.768585205078125,82.4198989868164,40.06353759765625,146.69
2023-03-03,94.87723565827378,94.86583141576524,132.10932972313108,0.09063027574112018,88300.0,422.3,1068.96,100.0,100.0,60.88639831542969,81.9645004272461,38.07743453979492,144.79
2023-03-10,89.4484324574655,89.47494782956349,130.19416996153572,0.13568821122993988,81750.0,398.4,1031.91,100.0,100.0,55.667030334472656,82.7156982421875,35.64198684692383,143.7
2023-03-17,90.56885515238363,90.5624661574807,129.37656830856608,0.15160808176259047,81750.0,405.3,1069.76,100.0,100.0,55.68550491333008,82.52580261230469,36.08235168457031,146.07
2023-03-24,89.43171397824769,89.4269206158953,130.5738401423371,0.1623990100542771,81750.0,392.8,1042.8,100.0,100.0,58.364471435546875,82.25540161132812,38.185279846191406,145.89
2023-03-31,89.04905402165326,89.06395147144069,133.20783817663335,0.1708820522268465,81750.0,390.8,1029.13,100.0,100.0,56.1012077331543,81.94999694824219,37.133811950683594,143.93
2023-04-07,94.8843294068852,94.86917040272404,135.8418362109296,0.24181057456939958,93250.0,391.3,1008.28,100.0,100.0,59.32520294189453,81.96060180664062,39.27268981933594,144.11
2023-04-14,95.90870468525114,95.92617694844077,137.03910804470064,0.23976144087067577,93250.0,390.0,1058.74,100.0,100.0,58.38294982910156,82.34010314941406,38.56272506713867,142.4
2023-04-21,95.33671385260712,95.33811106354959,136.83104755847648,0.2467750242354175,93250.0,390.2,1031.66,100.0,100.0,56.23053741455078,81.76689910888672,36.97205352783203,141.19
2023-04-28,95.35127721289088,95.33050118165102,136.34688389162625,0.25042136064467335,93250.0,377.3,1059.22,100.0,100.0,52.92340087890625,81.77999877929688,35.91159439086914,137.7
2023-05-05,97.68578924537805,97.624895230542,135.7966437318832,0.2115487830655647,97000.0,369.6,1088.93,100.0,100.0,53.41300964355469,81.9198989868164,35.57009506225586,137.1
2023-05-12,94.75066684001726,94.77206337571172,135.3903537669806,0.24006534106196953,90000.0,369.7,1129.53,100.0,100.0,54.64163589477539,82.45030212402344,35.95653533935547,134.62
2023-05-19,93.81935635420643,93.82561349630197,135.17391560076067,0.2465929445407206,90000.0,363.7,1098.62,100.0,100.0,52.5077018737793,82.71369934082031,34.123207092285156,133.38
2023-05-26,93.82681160998445,93.8208533121803,135.01265197565698,0.2531804674078,90000.0,362.0,1102.51,100.0,100.0,52.396846771240234,82.66680145263672,34.734317779541016,132.82
2023-06-02,93.79181358324216,93.80031591022156,134.84572128729008,0.1991408024951304,90000.0,359.0,1107.13,100.0,100.0,57.08041763305664,82.61810302734375,36.25309753417969,131.77
2023-06-09,94.22640782826261,94.22741989652609,134.61228193128053,0.20597358651553532,91250.0,357.2,1099.42,100.0,100.0,58.59541702270508,82.04499816894531,38.743263244628906,131.14
2023-06-16,92.42800101937797,92.39120231931062,134.25633611938198,0.22012048528414616,91250.0,348.7,1033.3,100.0,100.0,57.75477981567383,81.94149780273438,37.19463348388672,130.2
2023-06-23,92.0213429748237,92.02319124430468,133.76775393223363,0.22828438026120446,91250.0,346.0,1019.97,100.0,100.0,59.075782775878906,82.02649688720703,36.837257385253906,129.22
2023-06-30,92.81045671293099,92.81116515728965,133.15449556878434,0.21928321323089647,91250.0,348.2,1052.17,100.0,100.0,57.72706604003906,82.39409637451172,36.16832733154297,128.02
2023-07-07,92.68956929945504,92.69600654058893,132.42452122798295,0.20908902043418762,91250.0,347.9,1047.16,100.0,100.0,62.17045211791992,82.00180053710938,39.29307174682617,126.74
2023-07-14,89.01937362593554,89.03301610900579,131.111151234555,0.25079535938880415,84750.0,345.1,1046.85,100.0,100.0,62.050357818603516,82.06169891357422,38.68828201293945,127.75
2023-07-21,88.25814388355965,88.26298449362281,129.24311985778954,0.2575556219058454,84750.0,346.0,1009.49,100.0,100.0,63.768585205078125,81.97550201416016,39.283905029296875,128.02
2023-07-28,88.08178668348172,88.10225232747567,127.57150821348107,0.264746597420942,84750.0,344.2,1005.02,100.0,100.0,62.09654998779297,82.7332992553711,38.193450927734375,127.4
2023-08-04,88.83179151003519,88.79206865637168,126.84739741742393,0.27349885796486756,84750.0,354.0,1019.56,100.0,100.0,60.38755798339844,82.86630249023438,37.38706588745117,127.61
2023-08-11,92.84757640712215,92.86488561494656,127.55981427850719,0.32165892166664817,92500.0,353.7,1010.72,100.0,100.0,60.230506896972656,83.23699951171875,35.51770782470703,127.52
2023-08-18,92.80690878635592,92.82750767414865,129.12713137289037,0.32734956818589833,92500.0,352.2,1011.95,100.0,100.0,60.28594207763672,82.5447006225586,35.66432571411133,127.04
2023-08-25,92.55950936078807,92.53241043922822,130.69444846727353,0.33252855339470144,92500.0,350.5,1003.96,100.0,100.0,62.22587585449219,82.70040130615234,36.78227996826172,126.47
2023-09-01,91.99239337591008,91.98365631229994,131.40686532835682,0.3363437066739783,92500.0,348.4,981.9,100.0,100.0,60.79401779174805,83.25740051269531,36.25079345703125,125.72
2023-09-08,92.94420027758267,92.95627092552569,131.03826419249987,0.30684057498561573,93250.0,355.4,992.65,100.0,100.0,62.45682144165039,82.93679809570312,37.63447952270508,126.16
2023-09-15,90.30957202094541,90.31746850759559,130.13242703171784,0.3303055638722637,86800.0,361.0,1021.84,100.0,100.0,59.96261215209961,83.08699798583984,36.16832733154297,126.16
2023-09-22,89.54887572157145,89.56784152355925,128.9893032161941,0.3364744239705333,86800.0,351.1,1007.01,100.0,100.0,60.461456298828125,83.22270202636719,36.562355041503906,126.68
2023-09-29,89.5345945703385,89.53507066098273,127.90884211611186,0.33976274942409923,86800.0,349.6,1009.47,100.0,100.0,58.09657669067383,83.44979858398438,34.802955627441406,126.14
2023-10-06,89.40852581863628,89.38597457055036,126.7263734464663,0.2921549567718753,86800.0,353.1,996.3,100.0,100.0,58.33675765991211,83.21800231933594,35.3527717590332,126.38
2023-10-13,87.104736819715,87.07652721480285,125.35883297790316,0.30816512209810704,82500.0,351.0,1002.4,100.0,100.0,56.369102478027344,83.26860046386719,34.49140167236328,125.43
2023-10-20,86.14195463526205,86.16605354977675,124.22857916408181,0.31149550514819613,82500.0,344.2,971.69,100.0,100.0,56.94184875488281,83.1709976196289,34.27147674560547,125.04
2023-10-27,86.65426690366972,86.62949680849553,123.7579704586615,0.3212787233998559,82500.0,343.5,997.03,100.0,100.0,60.33212661743164,85.19400024414062,35.57269287109375,124.8
2023-11-03,86.38867180309197,86.42035468212094,124.96038962416381,0.31134548712979304,82500.0,338.6,994.86,100.0,100.0,59.620811462402344,83.21769714355469,34.63801956176758,125.1
2023-11-10,92.0836876270447,92.04838158789892,127.60571178826889,0.43756677138399197,93000.0,340.5,989.93,100.0,100.0,62.17045211791992,83.18620300292969,36.36991500854492,124.53
2023-11-17,92.01477840637742,91.97430253140413,130.25103395237394,0.44545613080964497,93000.0,339.4,989.01,100.0,100.0,63.44526672363281,83.54830169677734,37.2862663269043,124.17
2023-11-24,92.01237562090311,92.01626735745955,131.45345311787625,0.4584560824384653,93000.0,345.7,975.77,100.0,100.0,64.6092300415039,83.3302993774414,37.21295928955078,127.54
2023-12-01,94.3469869880785,94.52349677881006,131.255379931853,0.482955119125369,97000.0,346.6,981.22,100.0,100.0,63.777828216552734,83.28959655761719,37.21295928955078,127.85
2023-12-08,94.49816315826186,94.45342457868226,130.7509378912711,0.4452053372050056,97000.0,347.4,986.6,100.0,100.0,66.72469329833984,83.2853012084961,38.7799186706543,128.15
2023-12-15,90.33116358847761,90.34445622903698,130.0747932723622,0.5478111399394232,90000.0,339.7,986.03,100.0,100.0,68.25816345214844,83.26719665527344,39.09147644042969,128.71
2023-12-22,90.54261275711725,90.55199711825495,129.36161235135793,0.5573462933489608,90000.0,346.7,981.3,100.0,100.0,70.71576690673828,83.26719665527344,40.66802978515625,129.11
2023-12-29,90.85495990866569,90.86586455025184,128.35016949689157,0.5639785458878709,90000.0,346.7,995.86,100.0,100.0,68.44320678710938,83.31809997558594,39.52323913574219,129.1
2024-01-05,91.63382308424778,91.63180933432113,127.0178486243659,0.3856386598855219,89250.0,360.4,1022.65,100.0,100.0,66.43687438964844,83.02559661865234,38.38784408569336,129.81
2024-01-12,88.45036144253251,88.44095924733999,125.85723033016725,0.45957763683084624,83000.0,368.4,1016.18,100.0,100.0,65.12467956542969,83.17759704589844,36.999088287353516,129.2
2024-01-19,87.74109153806099,87.75153011410626,125.36089521068187,0.47311067220437125,83000.0,366.7,986.66,100.0,100.0,65.66667175292969,83.09760284423828,37.81544876098633,128.62
2024-01-26,88.55440170066439,88.56291225783609,128.34764639619064,0.41480932365157486,83000.0,361.0,1036.45,100.0,100.0,66.2276840209961,83.05359649658203,38.24708938598633,128.66
2024-02-02,88.71166606025933,88.70120687659785,134.9184990043099,0.4226153518128535,83000.0,373.3,1018.15,100.0,100.0,66.23719787597656,83.01260375976562,37.28058624267578,128.91
2024-02-09,101.06776814109975,101.05603785027705,141.4893516124292,0.9697929313310026,105200.0,372.0,1033.5,100.0,100.0,67.08346557617188,83.04309844970703,37.271209716796875,128.47
2024-02-16,101.04120188173076,101.13200822421763,144.47610279793795,0.9600664258851819,105200.0,371.9,1032.47,100.0,100.0,66.73164367675781,82.93840026855469,37.177364349365234,128.45
2024-02-23,103.37307695212239,103.37663581746277,142.7197636063074,0.9484407238583111,105200.0,389.2,1105.12,100.0,100.0,67.15003204345703,82.91190338134766,37.04600143432617,128.46
2024-03-01,102.77869390343693,102.81125464228383,138.85581738472013,0.9373096216867557,105200.0,388.4,1079.08,100.0,100.0,67.64447784423828,82.81909942626953,38.021881103515625,126.39
2024-03-08,103.76398295974931,103.63659720124751,134.99187116313288,0.8981215241663644,105200.0,382.9,1136.47,100.0,100.0,65.29583740234375,82.83110046386719,37.80606460571289,126.46
2024-03-15,93.19873384276443,93.26370696713103,133.23553197150233,0.9614070499944797,86800.0,377.2,1122.76,100.0,100.0,68.4146728515625,83.05460357666016,38.89454650878906,125.26
2024-03-22,92.65706038283325,92.62294266805912,134.0963916622823,0.9474578380575711,86800.0,377.2,1097.51,100.0,100.0,69.05175018310547,83.36499786376953,39.1291389465332,125.24
2024-03-29,93.21966524241634,93.25153091823233,136.07278289340363,0.9326644147746185,86800.0,378.7,1120.61,100.0,100.0,68.4146728515625,83.37329864501953,39.87043380737305,123.31
2024-04-05,92.51626127425173,92.513445788285,138.2554239030383,0.6809039084050106,86125.0,377.5,1107.45,100.0,100.0,68.90912628173828,83.4126968383789,40.7806282043457,122.95
2024-04-12,97.85402419131286,97.81330078641139,139.73503292935843,0.7701253871779122,92200.0,382.9,1190.86,100.0,100.0,66.85525512695312,83.5958023071289,40.22699737548828,118.57
2024-04-19,97.95850356703468,97.98567953043712,140.35025423294573,0.7512535689206737,92200.0,383.5,1194.48,100.0,100.0,65.80931091308594,83.3405990600586,40.020572662353516,117.84
2024-04-26,99.10376154068801,99.10131559387003,140.73490685725744,0.751842852736259,92200.0,417.1,1177.85,100.0,100.0,66.75065612792969,83.40640258789062,40.17070388793945,120.32
2024-05-03,100.49931807498426,100.49333716505431,141.1724712147786,0.7474262163116894,92200.0,452.7,1168.72,100.0,100.0,68.08187103271484,83.46430206298828,41.062129974365234,126.34
2024-05-10,99.35881044705083,99.36125779535767,141.94642771799425,0.3990738907987223,83200.0,512.3,1219.74,100.0,100.0,69.24192810058594,83.40509796142578,41.9911003112793,128.04
2024-05-17,101.2614640949517,101.24814768125971,147.71688030424153,0.3933709125299543,84400.0,539.4,1221.51,100.0,100.0,67.7110366821289,83.26709747314453,41.296722412109375,127.62
2024-05-24,103.84489784674527,103.82052342457106,159.06423613302678,0.40197669368926064,84400.0,584.1,1248.79,100.0,100.0,67.42578125,83.3656005859375,41.024600982666016,126.1
2024-05-31,105.50285628448307,105.5258010549614,170.15243045008924,0.3728063932540677,84400.0,616.5,1258.56,100.0,100.0,65.76176452636719,83.38079833984375,40.40528869628906,140.51
2024-06-07,122.7233399143994,122.60024695175268,175.14539850116802,0.8435955645279768,111600.0,628.5,1346.07,100.0,100.0,63.051795959472656,83.5343017578125,38.32215881347656,139.92
2024-06-14,123.0645578343757,122.96011928169075,172.3345041435005,0.8316944696918935,111600.0,633.7,1351.14,100.0,100.0,62.785552978515625,83.41950225830078,39.0887565612793,140.5
2024-06-21,121.50827969740547,121.5577854147781,165.88163908816043,0.836077061845274,111600.0,604.4,1339.65,100.0,100.0,62.519317626953125,83.58039855957031,38.48096466064453,136.71
2024-06-28,120.28601781767891,120.36767508440138,158.75653036164147,0.8370920367034466,111600.0,568.3,1357.9,100.0,100.0,64.55416870117188,83.49120330810547,40.04793167114258,131.72
2024-07-05,108.05182415168346,107.74888707518423,153.92890499043736,0.9138268186372487,90300.0,544.6,1377.49,100.0,100.0,65.03910827636719,83.49590301513672,39.924476623535156,131.55
2024-07-12,104.72121949938762,104.80138188072101,151.70185969902664,0.9070217461526203,87600.0,534.2,1312.42,100.0,100.0,65.30535125732422,83.57209777832031,38.20555877685547,129.82
2024-07-19,103.14930359771543,103.26611598112312,150.07875702549669,0.8936521615947594,87600.0,503.6,1302.91,100.0,100.0,65.64765930175781,83.74299621582031,37.312862396240234,126.4
2024-07-26,102.46863920741237,102.43687086661087,148.57972271675467,0.8802897877789428,87600.0,488.1,1303.48,100.0,100.0,64.19284057617188,83.7177963256836,36.866512298583984,126.33
2024-08-02,102.67219943830763,102.70613435935114,146.72488251970768,0.4727118398339647,91000.0,468.2,1268.16,100.0,100.0,61.768131256103516,83.94239807128906,35.77437973022461,122.42
2024-08-09,98.84983991367932,98.84903773221798,143.74015799784277,0.4549849734863427,84000.0,468.2,1267.61,100.0,100.0,62.11995315551758,83.97149658203125,36.16374969482422,123.03
2024-08-16,97.18856769648217,97.21561872587382,140.02427564297295,0.4495591673502726,84000.0,429.9,1269.98,100.0,100.0,62.47177505493164,83.88860321044922,36.73355484008789,122.19
2024-08-23,95.5151674714844,95.50217233798608,136.85656859449404,0.44129840286231736,84000.0,404.9,1244.07,100.0,100.0,63.34657287597656,83.94149780273438,37.1229248046875,120.77
2024-08-30,94.9913812206012,94.86027363082114,135.51636999180198,0.22496964343381615,84000.0,405.9,1217.57,100.0,100.0,59.59065628051758,83.98249816894531,35.26155471801758,121.04
2024-09-06,111.47819735403996,111.7848320572242,139.32946207332284,0.8248076944512287,116000.0,406.3,1173.25,100.0,100.0,60.551029205322266,83.99259948730469,35.726898193359375,121.17
2024-09-13,109.87083347154554,109.92467225322109,147.71826465266878,0.8144553271858284,116000.0,398.7,1114.16,100.0,100.0,64.6017074584961,83.69170379638672,37.835182189941406,120.68
2024-09-20,110.25072711199086,110.31229383619797,156.10706723201466,0.8027699291832999,116000.0,399.4,1130.41,100.0,100.0,66.91231536865234,83.62409973144531,40.99761199951172,121.49
2024-09-27,111.94707587732856,111.94271269577393,159.92015931353552,0.7927238529812333,116000.0,392.3,1224.28,100.0,100.0,65.81881713867188,83.91960144042969,40.58925247192383,122.99
2024-10-04,113.73062959846433,113.66811480160865,156.34653630605797,0.7585716259005408,116000.0,392.3,1307.42,100.0,100.0,65.24829864501953,83.94219970703125,39.66806411743164,122.99
2024-10-11,97.65409215984494,97.812138240035,148.4845656896074,0.8920881332960585,88000.0,394.8,1263.32,100.0,100.0,65.4194564819336,84.03929901123047,39.0887565612793,130.48
2024-10-18,96.93682151178689,96.84112728806485,140.6225950731568,0.8798386846015704,88000.0,393.9,1231.76,100.0,100.0,63.75544357299805,84.06759643554688,38.64240646362305,126.89
2024-10-25,95.88133233074478,95.93308167684509,137.04897206567927,0.869837040194732,88000.0,380.4,1210.69,100.0,100.0,63.869544982910156,84.08910369873047,38.120086669921875,124.52
2024-11-01,94.11694953614295,94.13320433538986,137.10378356287717,0.5584506718086724,85600.0,380.1,1189.97,100.0,100.0,70.07868957519531,84.2511978149414,40.58925247192383,124.41
2024-11-08,96.8205359498567,96.87652187326324,137.22436885671263,0.5869799858168969,89900.0,381.8,1203.34,100.0,100.0,64.6207275390625,84.4229965209961,36.51512908935547,124.94
2024-11-15,96.36522177755255,96.3535791127643,137.34495415054806,0.577844743199401,89900.0,379.6,1186.7,100.0,100.0,66.9693603515625,84.38310241699219,37.312862396240234,123.41
2024-11-22,96.15810394437213,96.17863411589578,137.39976564774597,0.5591946074072176,89900.0,373.1,1190.59,100.0,100.0,67.49234008789062,84.42030334472656,37.217891693115234,123.08
2024-11-29,95.64576503546076,95.66657213891843,136.95645054067236,0.5364436655003202,89900.0,378.2,1156.08,100.0,100.0,66.45589447021484,84.70700073242188,37.40782928466797,124.08
2024-12-06,96.81230430272507,96.83454674061083,135.9811573051104,0.16213086805988366,89900.0,384.5,1197.33,100.0,100.0,63.926597595214844,84.85710144042969,36.75254821777344,126.7
2024-12-13,93.8927789922543,93.91764352664936,135.0058640695485,0.19031426189988973,83650.0,385.5,1217.75,100.0,100.0,57.67941665649414,85.16549682617188,33.229248046875,131.33
2024-12-20,94.15867248948919,94.19260725337703,134.56254896247486,0.19442974623840034,83650.0,384.6,1232.02,100.0,100.0,56.100982666015625,85.41339874267578,34.34119415283203,132.26
2024-12-27,94.0211074494037,94.00222964006127,134.63745097034868,0.19049667973223075,83650.0,379.2,1236.86,100.0,100.0,57.21686935424805,85.78569793701172,33.95479965209961,133.56
2025-01-03,93.20686162781327,93.17222347806585,134.84686841868958,0.16218726489528815,83650.0,380.8,1195.57,100.0,100.0,57.029823303222656,85.90750122070312,34.00309753417969,134.12
2025-01-10,94.62294738903228,94.60536281253714,135.1678684445767,0.17835619862943122,88250.0,380.6,1145.27,100.0,100.0,59.431907653808594,86.43099975585938,34.640655517578125,134.06
2025-01-17,94.95374559234148,94.90307683125809,135.5775181850891,0.1828649117639898,88250.0,384.3,1152.98,100.0,100.0,59.96351623535156,86.47270202636719,34.9111328125,137.82
2025-01-24,96.54545258804454,96.55679630941954,136.9860290730217,0.19365661735667825,88250.0,430.8,1130.28,100.0,100.0,60.88890838623047,86.6406021118164,34.79521560668945,137.67
2025-01-31,97.00539234966531,97.02535060541126,139.5045236232332,0.19205730408024,88250.0,430.8,1151.72,100.0,100.0,61.63710021972656,87.33409881591797,35.452091217041016,137.67
2025-02-07,96.73060455678362,96.74025317028804,141.91143559589852,0.16311740631534172,87400.0,430.8,1160.48,100.0,100.0,62.00135040283203,86.8740005493164,36.26353073120117,137.67
2025-02-14,100.0709192555693,100.0883884324528,142.9851987511925,0.20624516779895646,89750.0,484.8,1144.03,100.0,100.0,63.13347625732422,86.872802734375,36.4180908203125,144.6
2025-02-21,99.74475709447415,99.7381715155186,142.64499812613505,0.2163125910373536,89750.0,465.9,1168.21,100.0,100.0,61.37129592895508,87.16220092773438,34.77589416503906,149.35
2025-02-28,98.62572593912813,98.63363020895227,141.8031334487425,0.22795049303811102,89750.0,448.2,1152.93,100.0,100.0,61.725704193115234,86.88929748535156,35.9254264831543,145.63
2025-03-07,97.46360726320532,97.45749796818808,140.7277105156847,0.24284369178407234,89300.0,449.0,1108.51,100.0,100.0,60.47543716430664,87.3405990600586,35.4134521484375,145.91
2025-03-14,97.76522820762641,97.77956274398929,139.68683512363137,0.25093187643132103,89300.0,449.0,1122.57,100.0,100.0,63.18270492553711,86.33709716796875,36.649925231933594,145.91
2025-03-21,98.7057549459673,98.70277681747858,138.6473378236778,0.2537343962623646,89300.0,461.2,1140.99,100.0,100.0,62.680625915527344,86.09539794921875,36.079986572265625,143.42
2025-03-28,98.20587500852251,98.17509590438284,137.48990740554558,0.26327109946710964,89300.0,453.9,1132.9,100.0,100.0,56.685264587402344,85.65119934082031,32.901859283447266,141.25
2025-04-04,98.54957130088825,98.55059882971362,136.35343702384435,0.2680973133099819,89300.0,453.2,1150.38,100.0,100.0,54.352088928222656,86.20929718017578,31.085784912109375,141.01
2025-04-11,94.78087275873025,94.7625897404352,135.37681983318345,0.27312671910934033,88500.0,411.0,1082.94,100.0,100.0,56.10443115234375,85.62049865722656,32.84389877319336,138.24
2025-04-18,94.08815201978977,94.10488510344533,134.4595025062333,0.2788744513053402,88800.0,382.2,1103.05,100.0,100.0,59.51066589355469,85.4999008178711,34.872493743896484,128.5
2025-04-25,94.02610362068054,94.00153876672056,133.5469151269618,0.2855271777999637,88800.0,373.7,1117.87,100.0,100.0,59.609107971191406,84.53119659423828,34.070716857910156,126.37
2025-05-02,93.99371047515595,94.02173575308662,132.84692596692474,0.290782229525801,88800.0,373.7,1116.36,100.0,100.0,60.39667892456055,84.81719970703125,34.263916015625,126.37
2025-05-09,92.81473277662717,92.79602273958396,132.56740329767774,0.29189432110899605,87300.0,353.6,1141.35,100.0,100.0,62.23762130737305,85.48760223388672,35.712913513183594,121.8
2025-05-16,94.62779631222615,94.63031840788241,133.57225366885737,0.30871971697414635,87300.0,382.9,1164.81,100.0,100.0,60.73139572143555,85.60030364990234,35.268550872802734,123.09
2025-05-23,94.72515948963908,94.72821467886664,135.7829244854526,0.3113016785340013,87300.0,390.4,1153.72,100.0,100.0,61.70601272583008,85.38590240478516,35.722572326660156,123.6
2025-05-30,94.73738736576425,94.74765699146297,137.99359530204777,0.3106838144401286,87300.0,390.4,1154.29,100.0,100.0,63.33037567138672,85.9041976928711,36.39876937866211,120.5
2025-06-06,97.33093531350005,97.29769615005794,138.99844567322742,0.29301127701722696,91625.0,391.1,1163.98,100.0,100.0,63.871822357177734,85.46980285644531,36.60162353515625,120.67
2025-06-13,96.84138761554439,96.85284982283441,138.78689114699023,0.29793939302362665,91000.0,393.6,1151.81,100.0,100.0,63.802913665771484,86.61360168457031,35.31685256958008,120.13
2025-06-20,96.45754057421551,96.45384465134119,138.29714824919068,0.3064468861302411,91000.0,394.4,1132.25,100.0,100.0,65.15162658691406,86.006103515625,37.28915023803711,119.76
2025-06-27,96.03546324010529,96.02108925975001,137.7465980011969,0.3151136640405436,91000.0,397.8,1105.49,100.0,100.0,69.09931945800781,85.69409942626953,38.519649505615234,120.74
2025-07-04,96.15409923373349,96.1456335719086,137.35262142437696,0.30981530670075164,91000.0,394.7,1117.48,100.0,100.0,69.94595336914062,85.70850372314453,38.883880615234375,119.81
2025-07-11,95.54315102795634,95.54232176784639,137.1523841334848,0.3061215892320347,89600.0,394.3,1125.36,100.0,100.0,69.0599365234375,85.88520050048828,38.499961853027344,118.46
2025-07-18,95.51084570594973,95.51302581982071,137.00433702241563,0.3125167727493222,89600.0,395.9,1120.52,100.0,100.0,70.93041229248047,86.39869689941406,40.10453796386719,118.92
2025-07-25,95.68643677577518,95.67649248155483,136.8577890312496,0.31858661476114053,89600.0,396.2,1128.08,100.0,100.0,67.00241088867188,87.714599609375,37.781349182128906,121.55
2025-08-01,95.65946594132683,95.6622389853366,136.6620491000669,0.2566274650480964,89600.0,398.5,1122.03,100.0,100.0,66.55940246582031,87.76249694824219,38.53934097290039,128.58
2025-08-08,94.91067156743652,94.91086315095303,136.29170487637003,0.2672739285503856,87300.0,402.9,1136.32,100.0,100.0,68.96149444580078,87.44999694824219,39.55327224731445,128.04
2025-08-15,94.83021889567996,94.83258621121072,135.78535038175062,0.27364047322016527,87300.0,402.3,1133.82,100.0,100.0,67.65216064453125,87.01820373535156,39.50405502319336,128.04
2025-08-22,94.60073529516552,94.58823694694418,135.3383041174223,0.27900906646849327,87300.0,400.9,1126.04,100.0,100.0,70.27082061767578,87.65910339355469,40.3900146484375,126.13
2025-08-29,94.59511879035274,94.6009370864195,135.14588458459872,0.28055351103581483,87300.0,404.1,1119.11,100.0,100.0,69.41434478759766,88.072998046875,40.60658264160156,125.16
2025-09-05,96.18594956863126,96.17722884933093,135.59189481856572,0.31908908854411233,89000.0,406.7,1144.71,100.0,100.0,71.07807922363281,88.05339813232422,41.709110260009766,125.28
2025-09-12,97.88740497550927,97.89628653647992,136.5994098199457,0.345571446779714,91000.0,410.9,1164.52,100.0,100.0,71.235595703125,87.91069793701172,41.64020538330078,125.38
2025-09-19,96.89266678761997,96.89248879853126,137.67265603795698,0.36373212125673515,91000.0,408.4,1123.36,100.0,100.0,70.8122787475586,88.77860260009766,42.831329345703125,125.75
2025-09-26,96.82753315350224,96.81989209465777,138.31585992181803,0.37058501048202414,91000.0,409.4,1118.24,100.0,100.0,72.85995483398438,88.68299865722656,44.317779541015625,126.07
2025-10-03,97.17193222580818,97.18884625044097,138.562259526466,0.36941412854556704,91000.0,411.0,1130.96,100.0,100.0,73.7459716796875,88.7771987915039,45.410465240478516,126.55
2025-10-10,97.52768595708494,97.5213874282596,138.76253633020855,0.37188532851127104,89775.0,411.1,1178.42,100.0,100.0,72.64337158203125,87.80950164794922,45.321868896484375,125.91
2025-10-17,97.34005094376974,97.33174435866232,138.89708191731972,0.3731418308708218,89775.0,407.8,1176.55,100.0,100.0,75.88225555419922,87.74030303955078,44.997013092041016,124.97
2025-10-24,97.27909549577926,97.26118614547528,138.94628787207367,0.36982658464308105,89775.0,404.8,1179.96,100.0,100.0,77.72319030761719,88.34559631347656,45.873130798339844,124.09
2025-10-31,98.3713152761066,98.38244102853054,138.9454659888878,0.3565470109753268,89775.0,419.4,1200.45,100.0,100.0,76.30557250976562,88.55690002441406,44.53434753417969,124.72
2025-11-07,99.01622793781402,99.03021756264546,138.94301427351053,0.3133784965893717,89775.0,421.1,1226.97,100.0,100.0,77.61489868164062,88.59400177001953,45.59749984741211,125.23
2025-11-14,97.74286751407146,97.74951772837149,138.9389536272122,0.3231915988159035,88650.0,421.1,1196.16,100.0,100.0,74.64183044433594,88.48719787597656,43.87479782104492,125.23
2025-11-21,97.26156316171398,97.25209821446978,138.93330495126327,0.315145659173157,88650.0,422.7,1170.39,100.0,100.0,79.67242431640625,89.16300201416016,46.227516174316406,124.67
2025-11-28,97.47172932829804,97.47074477683977,138.69545168065943,0.2509262582748501,88650.0,426.6,1172.06,100.0,100.0,82.02528381347656,90.17050170898438,48.32429504394531,125.45
2025-12-05,97.74596874488998,97.75953239965763,138.18054092612022,0.25662991362995274,88650.0,430.7,1176.3,100.0,100.0,84.46675109863281,89.79299926757812,49.6040153503418,126.6
2025-12-12,96.46654548966843,96.46010938392307,137.66723910250207,0.3343391165570201,87000.0,433.2,1153.32,100.0,100.0,83.5413589477539,90.4136962890625,48.63930130004883,127.3
2025-12-19,96.19751386001022,96.20274669842833,137.43421262466126,0.3419320917224191,87000.0,431.4,1144.53,100.0,100.0,84.14187622070312,89.50789642333984,51.540000915527344,129.27
2025-12-26,96.41605672925476,96.41242174308877,137.85810431914896,0.2751871434155393,87000.0,432.8,1151.8,100.0,100.0,84.86000061035156,89.76940155029297,51.34000015258789,133.21
2026-01-02,97.2162920704931,97.22139999813405,138.90267152274987,0.29782970539602593,89000.0,440.1,1123.14,100.0,100.0,88.2699966430664,89.8644027709961,53.88999938964844,136.9
2026-01-09,98.3747344850535,98.40286234823786,140.22725241567076,0.31039235376148494,89000.0,451.8,1152.76,100.0,100.0,91.68000030517578,90.18319702148438,57.06999969482422,136.9
2026-01-16,99.06964331678094,99.04259199945693,141.49118517811837,0.31092562949108093,89000.0,465.2,1157.23,100.0,100.0,93.81999969482422,91.53690338134766,57.880001068115234,138.19
2026-01-23,98.9046517534583,98.8934168137964,142.65758128901743,0.3248184707722321,89000.0,466.5,1146.83,100.0,100.0,96.98999786376953,92.04080200195312,61.95000076293945,135.37
2026-01-30,98.68652964689943,98.6993173584219,143.89835860729252,0.3377240635695583,89000.0,471.3,1126.66,100.0,100.0,95.62000274658203,90.125,57.40999984741211,139.5
2026-02-06,102.64015131576387,103.31613806476663,145.18606488315007,0.708715184142535,96700.0,469.7,1118.9,100.0,100.0,99.76000213623047,90.73570251464844,60.68000030517578,136.25
2026-02-13,102.55064777741205,102.54399212842468,146.49324786679657,0.698350781501809,96700.0,468.6,1117.02,100.0,100.0,98.37999725341797,90.79350280761719,60.20000076293945,135.92
2026-02-20,102.81995728152512,102.58858670693068,147.96106590903943,0.6975384948947219,96700.0,469.6,1127.49,100.0,100.0,100.77999877929688,90.95099639892578,64.12999725341797,136.21
2026-02-27,103.89645166542884,103.9052175155842,149.55649869251104,0.6999674573333131,96700.0,470.8,1175.17,100.0,100.0,93.18000030517578,92.12300109863281,58.790000915527344,136.56
2026-03-06,105.33917547046883,105.36749916314966,150.99082596515495,0.7076937384977201,96700.0,475.6,1232.42,100.0,100.0,90.22000122070312,92.22879791259766,57.25,135.63
2026-03-13,106.46392554984277,106.3813999022863,151.9753274749149,0.7106871101945943,96700.0,475.6,1284.85,100.0,100.0,87.72000122070312,93.24659729003906,53.79999923706055,135.28
2026-03-20,105.62165877079525,105.92279236335924,152.53833793055378,0.7536348510815308,96700.0,478.2,1240.17,100.0,100.0,88.58999633789062,94.6937026977539,53.59000015258789,134.93
2026-03-27,108.80468928471313,108.81020674626318,152.9591963338092,0.8005379162072382,96700.0,537.1,1265.81,100.0,100.0,92.48999786376953,92.6426010131836,57.349998474121094,136.55
2026-04-03,107.78907259458677,107.74263985914038,153.3256888720872,0.6527955922506712,96700.0,545.3,1201.38,100.0,100.0,98.0999984741211,92.2748031616211,60.880001068115234,145.54
2026-04-10,107.55661841488181,107.60657657312986,153.72560173279365,0.6622926681885904,96700.0,540.1,1201.38,100.0,100.0,99.61000061035156,93.38680267333984,62.7599983215332,144.16
2026-04-17,108.39255940728235,108.46970693732655,154.17538333691715,0.6614680368549722,96700.0,558.8,1201.38,100.0,100.0,101.29000091552734,93.80049896240234,61.7599983215332,144.73
2026-04-24,108.41044049802888,108.24044585294253,154.63114059075474,0.6695607587551662,96700.0,559.2,1201.38,100.0,100.0,101.55999755859375,93.9135971069336,61.79999923706055,144.82
